LabId,SampleType,ceramideId,ceramideName,Intercept,Intercept_SE,SlopeX,SlopeX_SE,sigma,C_LoD_C,C_LoQ_C
02b,Calibration Line 1,1,Cer 18:1;O2/16:0,0.017770130702725016,0.0029213330186781627,10.392478233218876,0.20036969360332885,0.6102553848951203,9.276323457501246e-4,0.0028110071083337113
02b,Calibration Line 1,2,Cer 18:1;O2/18:0,0.009208220207233176,0.002700224926824293,12.95224657479809,0.1852042330636664,0.5640667433280719,6.879688559865973e-4,0.0020847541090502947
02b,Calibration Line 1,3,Cer 18:1;O2/24:0,0.014561381851563538,0.0020142331140002023,0.6232221326141709,0.013815312027675483,0.042076565608698525,0.010665489764170047,0.032319665952030445
02b,Calibration Line 1,4,Cer 18:1;O2/24:1,0.022064043134039833,0.006159869634606705,1.7514707652554327,0.042249588918180425,0.12867733978755985,0.011606000052897013,0.035169697129990955
02b,Calibration Line 2,1,Cer 18:1;O2/16:0,0.01010060268928353,0.004215685629648483,11.849786595021165,0.28914732847637775,0.8806407349210827,0.0011740095457655915,0.003557604684138156
02b,Calibration Line 2,2,Cer 18:1;O2/18:0,0.007832728424937083,0.00447818754662116,12.887428811924291,0.3071519271776586,0.9354763895190483,0.0011467003325113412,0.0034748494924586103
02b,Calibration Line 2,3,Cer 18:1;O2/24:0,0.011217419344714203,0.0013043114620380962,0.6553098995252871,0.008946069699720017,0.027246571623297192,0.00656823256881018,0.019903735057000545
02b,Calibration Line 2,4,Cer 18:1;O2/24:1,0.010716779424478661,0.0048135359848929,1.8848895686501286,0.03301529556113383,0.10055294060574016,0.008427373685092034,0.025537496015430407
03,Calibration Line 1,1,Cer 18:1;O2/16:0,0.04087783244467059,0.038996057252025,13.094140195732912,2.67467898845083,8.146128419995923,0.00982783038886499,0.02978130420868179
03,Calibration Line 1,2,Cer 18:1;O2/18:0,0.01597802769706739,0.012812130901644875,12.971571750113226,0.8787641555257908,2.6764055397722957,0.003259437853015694,0.009877084403077862
03,Calibration Line 1,3,Cer 18:1;O2/24:0,0.008806804146401429,0.00377121291601199,0.7465475520327132,0.02586616355146485,0.07877920712455026,0.016670073579310638,0.050515374482759515
03,Calibration Line 1,4,Cer 18:1;O2/24:1,-0.015568979151230474,0.008163182248155095,2.009151862251432,0.0559899989297032,0.17052578028474735,0.013407897095804814,0.040629991199408536
03,Calibration Line 2,1,Cer 18:1;O2/16:0,0.03853772928990711,0.031559052564194535,12.79180787549414,2.164586389935181,6.592566354589101,0.008141528896893232,0.02467129968755525
03,Calibration Line 2,2,Cer 18:1;O2/18:0,-0.004200533477103186,0.007878461751045958,13.402756716468158,0.5403714526996677,1.6457807711499763,0.0019398191229201686,0.005878239766424753
03,Calibration Line 2,3,Cer 18:1;O2/24:0,0.0035076204507586543,0.0037019094579854583,0.7641031348113979,0.025390821898813743,0.07733148417813723,0.015987764811837002,0.04844777215708183
03,Calibration Line 2,4,Cer 18:1;O2/24:1,-0.014302646714400503,0.010206678559345537,1.9968118547186529,0.07000602268101215,0.21321364298112513,0.01686790829403705,0.051114873618294095
04,Calibration Line 1,1,Cer 18:1;O2/16:0,4.5106307470455697e-4,0.0033525445308100334,9.982250033666276,0.22994582135448333,0.7003338338856125,0.0011083069362478944,0.0033585058674178614
04,Calibration Line 1,2,Cer 18:1;O2/18:0,-0.002263784052066716,0.00382368616405068,11.557090737250363,0.2622606940830007,0.7987535336922033,0.0010918114799165562,0.0033085196361107767
04,Calibration Line 1,3,Cer 18:1;O2/24:0,-0.0018651603632338163,0.002245752816913842,0.7438055271408701,0.015403269704507887,0.04691292437057278,0.009963604766830541,0.030192741717668312
04,Calibration Line 1,4,Cer 18:1;O2/24:1,-0.01593620035373771,0.005591439511668618,2.083324740557374,0.038350815007784464,0.11680305016560771,0.008856876716958608,0.02683902035442003
04,Calibration Line 2,1,Cer 18:1;O2/16:0,0.006938854514121457,0.004640821992755908,9.720393489786503,0.318306771193392,0.9694501083277561,0.0015755239324607697,0.004774314946850817
04,Calibration Line 2,2,Cer 18:1;O2/18:0,0.004378512657030686,0.0036765619221702105,11.149643438786944,0.25216967088272535,0.76801983771091,0.001088165232347708,0.0032974704010536615
04,Calibration Line 2,3,Cer 18:1;O2/24:0,-0.0019393784610170332,0.002197896733184385,0.7487027690182184,0.015075032260415833,0.045913228936701744,0.009687501528836979,0.029356065238899942
04,Calibration Line 2,4,Cer 18:1;O2/24:1,-0.014242246437762555,0.006081875225374904,2.0916670266726616,0.041714637381309094,0.12704806616756853,0.009595307469021023,0.029076689300063702
05,Calibration Line 1,1,Cer 18:1;O2/16:0,0.13272598786129455,0.006120205356144278,11.406865663751786,0.4197753779385809,1.2784876805797911,0.0017705720634070576,0.005365369889112297
05,Calibration Line 1,2,Cer 18:1;O2/18:0,0.01902161337710921,0.00378615504610398,10.804637169334928,0.25968649300579055,0.7909134255355266,0.0011563841947051898,0.0035041945294096663
05,Calibration Line 1,3,Cer 18:1;O2/24:0,0.002123102333342193,6.212015694663396e-4,0.14925118574725305,0.004260725064347416,0.01297666511994118,0.01373500095811902,0.041621215024603093
05,Calibration Line 1,4,Cer 18:1;O2/24:1,0.003745297844161877,0.0017532176497252348,0.5359886584601445,0.01202504750568784,0.036624051581839234,0.010794292291025196,0.03270997663947029
05,Calibration Line 2,1,Cer 18:1;O2/16:0,0.14173353142268852,0.0031293154666383704,10.620403637532847,0.21463488661837007,0.6537021292477431,9.723492055811879e-4,0.002946512744185418
05,Calibration Line 2,2,Cer 18:1;O2/18:0,0.02208886776223596,0.002044719783474678,10.279359589128209,0.1402441535764608,0.42713420568244853,6.564198116585878e-4,0.001989150944419963
05,Calibration Line 2,3,Cer 18:1;O2/24:0,0.002167681999000365,2.6698764402237004e-4,0.15136703646647265,0.0018312267751261976,0.005577270596107364,0.005820680947723866,0.017638427114314747
05,Calibration Line 2,4,Cer 18:1;O2/24:1,0.005237354181236826,0.0018447962352989094,0.5462300932545865,0.012653170797852803,0.038537093492162104,0.011145170600567755,0.03377324424414472
07,Calibration Line 1,1,Cer 18:1;O2/16:0,0.12022405663779105,0.011598562760732442,10.615429453999777,0.7955274019592935,2.4228957590681186,0.0036056249326771573,0.01092613615962775
07,Calibration Line 1,2,Cer 18:1;O2/18:0,0.05691084580247452,0.009717609518962196,12.472829437284874,0.6665157410750359,2.0299717626640366,0.002571037435717227,0.007791022532476446
07,Calibration Line 1,3,Cer 18:1;O2/24:0,0.028844438718211032,0.002657974005395948,0.6917183549200123,0.018230630799763396,0.0555240686129672,0.012680470534602062,0.03842566828667292
07,Calibration Line 1,4,Cer 18:1;O2/24:1,0.07666690058274747,0.004932248093696652,1.9991516721355533,0.03382952347407391,0.10303279152265221,0.008141662754288171,0.02467170531602476
07,Calibration Line 2,1,Cer 18:1;O2/16:0,0.08833919757690518,0.005811539192513983,10.95930280576909,0.3986044452729508,1.2140084899890733,0.0017499360748751832,0.005302836590530859
07,Calibration Line 2,2,Cer 18:1;O2/18:0,0.03748234583880266,0.005648847044363558,12.933863930050453,0.38744564356559935,1.1800227174481956,0.001441270400494079,0.004367486062103271
07,Calibration Line 2,3,Cer 18:1;O2/24:0,0.0273336279799336,0.0022563364327593603,0.6923574087566555,0.0154758610814794,0.04713401209046278,0.010754431358620616,0.032589185935213996
07,Calibration Line 2,4,Cer 18:1;O2/24:1,0.0658020151630686,0.005640606734525465,2.0051974753499056,0.038688045351472244,0.11783013479844102,0.009282877348868545,0.028129931360207718
09,Calibration Line 1,1,Cer 18:1;O2/16:0,0.02449208332589457,0.018621539908598415,10.296171982164845,1.2772224946802897,3.88996904207911,0.005968342584488787,0.01808588661966299
09,Calibration Line 1,2,Cer 18:1;O2/18:0,0.038682751221931856,0.018416095341537722,9.701353667210071,1.2631313709736725,3.8470524514183984,0.00626439533201264,0.018983016157614063
09,Calibration Line 1,3,Cer 18:1;O2/24:0,0.014729945644362127,0.003000086171726561,0.5924931285393082,0.020577125003175125,0.06267066197998628,0.01670953449047608,0.050634953001442676
09,Calibration Line 1,4,Cer 18:1;O2/24:1,0.02927409790648324,0.00537739129946881,1.6089192694992203,0.03688269157164769,0.11233166421655864,0.01102938576512317,0.033422381106433856
09,Calibration Line 2,1,Cer 18:1;O2/16:0,0.09063070709623856,0.03163849557120675,9.855388106031516,2.170035262375327,6.609161697369775,0.01059390399055771,0.03210273936532639
09,Calibration Line 2,2,Cer 18:1;O2/18:0,0.07087204704228885,0.02325219875826948,9.400988135924305,1.5948321916774377,4.857296108372518,0.008162147935180324,0.024733781621758558
09,Calibration Line 2,3,Cer 18:1;O2/24:0,0.010123469445602674,0.002839772967249194,0.5673334186936859,0.019477561637536233,0.05932177995672511,0.016518065890601195,0.05005474512303393
09,Calibration Line 2,4,Cer 18:1;O2/24:1,0.030091164947937246,0.005036614547713794,1.5849694608587286,0.03454535676935987,0.10521296715340547,0.010486528868796271,0.03177736020847355
10a,Calibration Line 1,1,Cer 18:1;O2/16:0,0.4323276014256923,0.014476057331265717,15.262446333455935,0.9928902845052473,3.023993458456378,0.0031299693476045717,0.009484755598801735
10a,Calibration Line 1,2,Cer 18:1;O2/18:0,0.137254746528673,0.01637541244931098,16.40344492890766,1.1231641014967948,3.420761537002826,0.003294360502743785,0.009982910614375107
10a,Calibration Line 1,3,Cer 18:1;O2/24:0,0.06939119557350365,0.010827442637478141,0.720667169997303,0.0742637470602636,0.22618116907307634,0.04957983683898294,0.15024192981509982
10a,Calibration Line 1,4,Cer 18:1;O2/24:1,0.06952491732621896,0.020119929441855592,1.8190699987268064,0.1379994705091626,0.4202976931112736,0.036499841789812824,0.11060558118125098
10a,Calibration Line 2,1,Cer 18:1;O2/16:0,0.44500562821666545,0.03334635648373218,12.633353717088845,2.2871747892871412,6.965927362857691,0.008710511781797386,0.02639549024787087
10a,Calibration Line 2,2,Cer 18:1;O2/18:0,0.19809869457574814,0.05005679816247771,14.191081990852322,3.4333180251793483,10.45667523488377,0.011640228281582581,0.03527341903509874
10a,Calibration Line 2,3,Cer 18:1;O2/24:0,0.10066161205364227,0.02856985939122911,0.8800115306252655,0.1959562273766716,0.5968135240905501,0.10713556892154343,0.32465323915619226
10a,Calibration Line 2,4,Cer 18:1;O2/24:1,0.12591480985262232,0.03650351832968112,1.2280665238452093,0.2503719615804437,0.7625446495102169,0.0980904602063163,0.2972438188070191
10b,Calibration Line 1,1,Cer 18:1;O2/16:0,0.3193462601483579,0.011337894751911631,12.67548855740882,0.7776485881692626,2.368443200925752,0.002951764147934108,0.008944739842224571
10b,Calibration Line 1,2,Cer 18:1;O2/18:0,0.09632342120820765,0.010795729668987427,15.628907525325413,0.7404623273584017,2.2551869719230377,0.00227948804802444,0.006907539539468
10b,Calibration Line 1,3,Cer 18:1;O2/24:0,0.04366046374755361,0.003272583655400902,0.879635702374679,0.022446142912547578,0.06836303103614683,0.012277271185865237,0.03720385207837951
10b,Calibration Line 1,4,Cer 18:1;O2/24:1,0.10025335650443336,0.008217626883985413,2.572344065860039,0.05636342622915575,0.17166310807249607,0.010542201207475392,0.03194606426507694
10b,Calibration Line 2,1,Cer 18:1;O2/16:0,0.34451370543256776,0.03564678542842569,12.105673045081977,2.4449576369999404,7.446478242230912,0.009717294649849696,0.02944634742378696
10b,Calibration Line 2,2,Cer 18:1;O2/18:0,0.13984929131229518,0.038699743468788204,14.932279344394813,2.654355286367572,8.08422959480799,0.008552555875867654,0.025916835987477745
10b,Calibration Line 2,3,Cer 18:1;O2/24:0,0.07499769375302556,0.02257350880152556,0.7776891519381464,0.1548281901855989,0.4715520351165413,0.09578708775785923,0.29026390229654314
10b,Calibration Line 2,4,Cer 18:1;O2/24:1,0.20477849843260998,0.061704647332823985,2.2433217590606085,0.42322259054100303,1.2889866737941595,0.09076956320505146,0.2750592824395499
12,Calibration Line 1,1,Cer 18:1;O2/16:0,-0.007283745845567189,0.0025564394668247865,8.194044095039152,0.17534221172597217,0.5340305062153228,0.001029558804257507,0.003119875164416688
12,Calibration Line 1,2,Cer 18:1;O2/18:0,-0.0029483099844585087,0.003169905045854981,12.390364793032193,0.2174188628029135,0.6621811383607717,8.442597797608086e-4,0.0025583629689721475
12,Calibration Line 1,3,Cer 18:1;O2/24:0,-0.0019414410086772036,7.308652553369941e-4,0.5303735933559375,0.005012891250017586,0.015267497914495186,0.004547464980960067,0.013780196912000203
12,Calibration Line 1,4,Cer 18:1;O2/24:1,-0.009519483407555481,0.0024709559013030573,1.5105923060709006,0.016947902676137026,0.051617331367817265,0.0053979849106403225,0.0163575300322434
12,Calibration Line 2,1,Cer 18:1;O2/16:0,0.005091487304095145,0.0016399606866792935,7.347663169367377,0.1124823559007039,0.34258156590280664,7.365430533892617e-4,0.0022319486466341265
12,Calibration Line 2,2,Cer 18:1;O2/18:0,0.00599282895384745,0.002173277774797814,11.886905533525864,0.14906174649276982,0.45398948235739,6.033375664175485e-4,0.001828295655810753
12,Calibration Line 2,3,Cer 18:1;O2/24:0,-1.854135016412234e-5,6.172168798763218e-4,0.5090966167264144,0.004233394697451502,0.01289342646608363,0.004000843134038023,0.012123767072842495
12,Calibration Line 2,4,Cer 18:1;O2/24:1,0.0016769815893840786,0.0020164810107421113,1.425576402305238,0.013830730002228484,0.0421235233188489,0.0046678573836438685,0.01414502237467839
13,Calibration Line 1,1,Cer 18:1;O2/16:0,0.36720320253365046,0.004618780405422929,6.906079513521981,0.3167949729587497,0.9648457043534113,0.002207037336893117,0.006687991929979142
13,Calibration Line 1,2,Cer 18:1;O2/18:0,0.10908705097098217,0.0070684132413236555,14.665597797204358,0.4848114837885122,1.4765647105626838,0.0015905088915512573,0.004819723913791689
13,Calibration Line 1,3,Cer 18:1;O2/24:0,0.03430929948330313,0.0069663111993773985,0.3040532845140894,0.04778084633419413,0.14552359813462237,0.07560788890895913,0.2291148148756337
13,Calibration Line 1,4,Cer 18:1;O2/24:1,0.06305476433788189,0.01344636945149442,0.600700962560014,0.09222655924014385,0.2808895566715163,0.07386873328923362,0.22384464633101095
13,Calibration Line 2,1,Cer 18:1;O2/16:0,0.39234647294045827,0.01007444379986116,7.55750637593615,0.6909904500773122,2.1045130902160394,0.004399025668757531,0.013330380814416763
13,Calibration Line 2,2,Cer 18:1;O2/18:0,0.10651424761529166,0.008080957755659585,13.816446957865185,0.554260339088488,1.6880814183015043,0.001930102628772878,0.005848795844766297
13,Calibration Line 2,3,Cer 18:1;O2/24:0,0.024145930079488027,0.005282084167613059,0.3277090473825861,0.03622899475974538,0.11034073438890762,0.0531901022945311,0.16118212816524577
13,Calibration Line 2,4,Cer 18:1;O2/24:1,0.051045470194712624,0.012013418803588206,0.7063122969953651,0.08239817334802207,0.2509557612574832,0.05612854571623185,0.17008650217039956
14,Calibration Line 1,1,Cer 18:1;O2/16:0,0.031131578928112965,0.01779677122151655,12.692036791478172,1.179547071995435,3.592434682110782,0.004627259280436165,0.014021997819503529
14,Calibration Line 1,2,Cer 18:1;O2/18:0,0.01884540702045843,0.008386772508873389,12.758687142163712,0.5558644786293105,1.692943740009632,0.0021692160777122575,0.006573382053673508
14,Calibration Line 1,3,Cer 18:1;O2/24:0,0.017217395530255475,0.005305724399126132,0.6752919143624276,0.03447885941591211,0.08573876615221276,0.02592788414125636,0.07856934588259504
14,Calibration Line 1,4,Cer 18:1;O2/24:1,0.03848709262566295,0.012496932827442093,1.9605608310192912,0.08282806101205151,0.2522615723409072,0.02103473540737748,0.06374162244659842
14,Calibration Line 2,1,Cer 18:1;O2/16:0,0.031414422005201496,0.01689499726078397,12.795991135426608,1.119778655480768,3.4104036826875017,0.004357106094441532,0.013203351801337979
14,Calibration Line 2,2,Cer 18:1;O2/18:0,0.019327455100524745,0.006891307080045588,12.967534854735133,0.4567469563614756,1.3910708999562968,0.0017537113737424337,0.005314276890128588
14,Calibration Line 2,3,Cer 18:1;O2/24:0,0.015152885982270475,0.005444123380906793,0.6914527747968047,0.03608294849442515,0.10989441513758562,0.025982406625343166,0.07873456553134293
14,Calibration Line 2,4,Cer 18:1;O2/24:1,0.029342230542091712,0.013094037380520503,1.9636165893234634,0.08678559307498694,0.26431465252396724,0.022005478865202075,0.06668326928849115
15,Calibration Line 1,1,Cer 18:1;O2/16:0,0.016838988709674138,0.003847974855164103,10.72655735052775,0.26392661767517794,0.8038273491214102,0.0011838203635220184,0.003587334434915207
15,Calibration Line 1,2,Cer 18:1;O2/18:0,1.2901508800862611e-4,0.005002859928693818,13.227865212181444,0.3431383908111664,1.0450784596762077,0.0012480802835431208,0.003782061465282184
15,Calibration Line 1,3,Cer 18:1;O2/24:0,0.010028918613945599,0.002229748288684211,0.5055229040965097,0.015293497131605946,0.046578595847518695,0.014555560772876758,0.044107759917808353
15,Calibration Line 1,4,Cer 18:1;O2/24:1,0.02229413790681607,0.007357013583345272,1.3912452476637247,0.05046061329212744,0.153685222714337,0.017450657866259697,0.05288078141290817
15,Calibration Line 2,1,Cer 18:1;O2/16:0,0.011425911198322326,0.0047420308550516765,10.952240194550797,0.3252485298352467,0.9905922557036989,0.0014288128769725506,0.004329735990825911
15,Calibration Line 2,2,Cer 18:1;O2/18:0,2.559279410855982e-4,0.006420902662373402,13.05216051804837,0.44039973905429436,1.3413022070909828,0.0016234077688925418,0.00491941748149255
15,Calibration Line 2,3,Cer 18:1;O2/24:0,0.00894008185401183,0.002593968757793027,0.4931780166027644,0.017791628749356785,0.05418702327231304,0.017357012300918944,0.052597006972481646
15,Calibration Line 2,4,Cer 18:1;O2/24:1,0.014589227772242433,0.007600925054705064,1.3990706721722732,0.05213356418373145,0.1587804408179668,0.017928367150732562,0.05432838530525019
16,Calibration Line 1,1,Cer 18:1;O2/16:0,-0.026739950452877134,0.015022756423805447,13.013725984894466,0.9574559428300004,2.902116188743232,0.0038094467530745387,0.011543778039619814
16,Calibration Line 1,2,Cer 18:1;O2/18:0,-0.051952669359960374,0.015481224479735168,14.613554689320699,1.0618331377408181,3.2339690624533195,0.0034959352374723854,0.010593743143855715
16,Calibration Line 1,3,Cer 18:1;O2/24:0,-0.010247921090830342,0.0059313757334267005,0.7404433044129378,0.040682384745395546,0.12390418887599812,0.026434893534255183,0.08010573798259146
16,Calibration Line 1,4,Cer 18:1;O2/24:1,-0.02460739697761058,0.011486447128439815,1.5353340630980337,0.07878375649064875,0.23994752288170162,0.024688617568586486,0.07481399263208026
16,Calibration Line 2,1,Cer 18:1;O2/16:0,-0.03621998712595511,0.009658010429414469,12.312213171347679,0.6624279321072246,2.017521738959514,0.0025886032002140147,0.007844252121860651
16,Calibration Line 2,2,Cer 18:1;O2/18:0,-0.05382344981729098,0.013324838544522663,14.590055040325744,0.849241343718181,2.57411014074429,0.0030138314814707546,0.0091328226711235
16,Calibration Line 2,3,Cer 18:1;O2/24:0,-0.011677529296629312,0.005744547316222206,0.7490776095577161,0.039400957654669756,0.12000141411798497,0.025307132267277644,0.07668827959781105
16,Calibration Line 2,4,Cer 18:1;O2/24:1,-0.05438360891314722,0.019108889837291965,0.992073298606518,0.13106490692151287,0.39917745933161497,0.06356318283299997,0.19261570555454538
17a,Calibration Line 1,1,Cer 18:1;O2/16:0,0.017925161033466617,0.006143768979980536,9.148832662404322,0.4213915702925739,1.283410032205497,0.0022160682550518554,0.006715358348641986
17a,Calibration Line 1,2,Cer 18:1;O2/18:0,0.026015172492401994,0.008103984366718546,12.096598069476244,0.5558396985703093,1.6928915899953068,0.0022107991235695507,0.006699391283544094
17a,Calibration Line 1,3,Cer 18:1;O2/24:0,-0.02301846051134514,0.00494545576905102,0.8422387944714542,0.03392011286758182,0.10330869485018852,0.019376932225153513,0.058717976439859126
17a,Calibration Line 1,4,Cer 18:1;O2/24:1,-0.08078924293367078,0.016902863714667576,2.716169373210792,0.11593411644178887,0.35309441053357066,0.02053607216418391,0.06223052170964821
17a,Calibration Line 2,1,Cer 18:1;O2/16:0,0.025149532037500512,0.006311978647279117,8.433522991163061,0.43292881006710154,1.318548393564526,0.0024698491434536896,0.0074843913437990595
17a,Calibration Line 2,2,Cer 18:1;O2/18:0,0.005191411318189325,0.006887714736574156,12.586305322522609,0.4724176540540235,1.438817478439256,0.0018058880702680402,0.0054723880917213336
17a,Calibration Line 2,3,Cer 18:1;O2/24:0,-0.024658793830935614,0.0056820907841912075,0.864966803371727,0.03897257800378557,0.1186967208580896,0.021678172520307258,0.06569143187971896
17a,Calibration Line 2,4,Cer 18:1;O2/24:1,-0.07847931704889158,0.017579633565612575,2.71152410915578,0.12057597571653797,0.36723187597257523,0.0213949013289738,0.06483303433022364
18a,Calibration Line 1,1,Cer 18:1;O2/16:0,0.027880120077403276,0.004315884672814734,11.064281452392452,0.2960198251928435,0.9015719349118361,0.001287243051577376,0.0039007365199314427
18a,Calibration Line 1,2,Cer 18:1;O2/18:0,0.021970141704256405,0.004143654074248299,13.958137129513327,0.2842067959889735,0.8655936162652224,9.796478081668019e-4,0.002968629721717581
18a,Calibration Line 1,3,Cer 18:1;O2/24:0,6.741787238175325e-4,0.0018511308731677474,0.751585952172642,0.012696619094940185,0.03866942167406066,0.008127788796204601,0.024629663018801817
18a,Calibration Line 1,4,Cer 18:1;O2/24:1,0.003172062037750326,0.004955315730617584,2.2873045725395333,0.033987740812270135,0.103514665706725,0.007149262982883924,0.02166443328146644
18a,Calibration Line 2,1,Cer 18:1;O2/16:0,0.030632652365704532,0.0045883513639623135,11.062618470024052,0.3147078922749921,0.958489193031419,0.0013687138847013596,0.004147617832428363
18a,Calibration Line 2,2,Cer 18:1;O2/18:0,0.02387085141138148,0.004337627687144096,14.200023361204984,0.29751114476898627,0.9061139681184264,0.0010080385787732144,0.003054662359918832
18a,Calibration Line 2,3,Cer 18:1;O2/24:0,0.0017832753571204393,0.001990141370418998,0.7293555851740375,0.013650070500986407,0.041573298225009596,0.00900447827627943,0.02728629780690737
18a,Calibration Line 2,4,Cer 18:1;O2/24:1,-7.03838367546251e-4,0.005694078521589717,2.3120685191139914,0.03905480003236564,0.11894714014453779,0.008127120353875483,0.024627637435986314
18b,Calibration Line 1,1,Cer 18:1;O2/16:0,0.06386048099858965,0.0052534545942818775,10.420030159728288,0.36032628963730834,1.0974267346326523,0.001663757196033131,0.00504168847282767
18b,Calibration Line 1,2,Cer 18:1;O2/18:0,0.034376155971589883,0.003647711390333722,10.763018406594991,0.25019085772194916,0.7619930710609812,0.001118408157764126,0.0033891156295882607
18b,Calibration Line 1,3,Cer 18:1;O2/24:0,0.03324066908960244,0.0031567231582839113,0.644731393165932,0.021651473761183076,0.06594274920555084,0.016157405289641102,0.048961834211033645
18b,Calibration Line 1,4,Cer 18:1;O2/24:1,0.07470836426302616,0.009121518392461104,2.0266594055919342,0.06256307767067043,0.19054505877381844,0.014852525595601952,0.04500765332000591
18b,Calibration Line 2,1,Cer 18:1;O2/16:0,0.03811387041207525,0.005968341178081313,10.643469951427733,0.40935924987880695,1.2467638299119441,0.0018504797756324141,0.005607514471613376
18b,Calibration Line 2,2,Cer 18:1;O2/18:0,0.0225424847657609,0.0038469684541745336,10.944497936440055,0.26385759019469807,0.8036171157726882,0.0011599431945167231,0.003514979377323403
18b,Calibration Line 2,3,Cer 18:1;O2/24:0,0.025490624988840742,0.0031733873206510246,0.6187851922873946,0.021765770662163075,0.0662908572354905,0.016923769813296664,0.05128415094938384
18b,Calibration Line 2,4,Cer 18:1;O2/24:1,0.06190144497403996,0.009691834000172577,1.9490221127757392,0.06647478382822623,0.20245873545738738,0.016409794425072066,0.04972664977294566
19,Calibration Line 1,1,Cer 18:1;O2/16:0,0.08351707130954367,0.01003225268385938,6.8974330977149325,0.688096626972583,2.095699526144364,0.004799819496285346,0.014544907564501046
19,Calibration Line 1,2,Cer 18:1;O2/18:0,0.08420082096146844,0.010007136023460074,11.12168558839385,0.6863739142532966,2.0904527510724162,0.002969293513555203,0.008997859131985465
19,Calibration Line 1,3,Cer 18:1;O2/24:0,0.008162630790690188,0.004673922949420935,0.746992245033026,0.03205771143903308,0.09763647725994636,0.020648066744531145,0.06256989922585196
19,Calibration Line 1,4,Cer 18:1;O2/24:1,-0.013850562959492649,0.008437599679305073,1.8674975132953626,0.05787218546055661,0.1762582563153005,0.01490983454782407,0.045181316811588094
19,Calibration Line 2,1,Cer 18:1;O2/16:0,0.08748859174081233,0.006708097735282619,6.9097180922303005,0.4600980029616539,1.40129616828528,0.0032037084915699375,0.009708207550211933
19,Calibration Line 2,2,Cer 18:1;O2/18:0,0.07532306537584502,0.010319388408836188,9.680434359028993,0.7077908202974525,2.15568108978073,0.003517815470480112,0.010660046880242764
19,Calibration Line 2,3,Cer 18:1;O2/24:0,0.006605458005809633,0.005197618454955896,0.7297904161778282,0.03564965755796479,0.10857627769538897,0.02350283111579666,0.07122070035089897
19,Calibration Line 2,4,Cer 18:1;O2/24:1,-0.00766778063423082,0.008145751483807919,1.7878792791874178,0.05587044402482981,0.17016165823027116,0.015035120217279659,0.04556097035539291
20a,Calibration Line 1,1,Cer 18:1;O2/16:0,0.026037457159921455,0.00287579351869444,10.784555159269022,0.19724621004282875,0.6007423561124338,8.799731163260045e-4,0.0026665852009878925
20a,Calibration Line 1,2,Cer 18:1;O2/18:0,0.005991530887302606,0.006714013304101215,14.193770241539557,0.4605037426373748,1.4025319081694987,0.0015609836940076313,0.004730253618204944
20a,Calibration Line 1,3,Cer 18:1;O2/24:0,-0.0018548931891482889,0.0028991287858232124,0.7745290291098569,0.019884673976499633,0.060561700488826656,0.012352183886783188,0.03743086026297936
20a,Calibration Line 1,4,Cer 18:1;O2/24:1,-0.04485273910066882,0.00513192562267583,2.265209907037568,0.03519908062641565,0.10720397935105087,0.007476284869766538,0.022655408696262237
20a,Calibration Line 2,1,Cer 18:1;O2/16:0,0.04090514204084749,0.0030535921244291713,10.231646528687337,0.2094411402087456,0.6378838103330687,9.848712015571425e-4,0.0029844581865367957
20a,Calibration Line 2,2,Cer 18:1;O2/18:0,0.006208560425674164,0.006240143838815836,13.963872379116628,0.4280017721464628,1.3035423745973824,0.0014746965676146464,0.004468777477620141
20a,Calibration Line 2,3,Cer 18:1;O2/24:0,0.002549611803312093,0.002307286568678543,0.7773153194174416,0.015825320148894928,0.04819834110078178,0.009795311486136066,0.029682762079200207
20a,Calibration Line 2,4,Cer 18:1;O2/24:1,-0.04257173901686843,0.00596916792176824,2.2137667252697035,0.04094159549439874,0.12469365335317129,0.008898071290431629,0.02696385239524736
20b,Calibration Line 1,1,Cer 18:1;O2/16:0,0.09591760827395061,0.010018773546982903,10.385422119862605,0.6871721139134046,2.0928837855868805,0.003183496281948044,0.00964695843014559
20b,Calibration Line 1,2,Cer 18:1;O2/18:0,0.04862812507878298,0.00600654321559746,12.340879251206303,0.4119794682870446,1.2547440906214002,0.0016061734506910505,0.0048671922748213655
20b,Calibration Line 1,3,Cer 18:1;O2/24:0,0.014729497448577523,0.001996318811584119,0.7019337790329088,0.013692440610302732,0.04170234262740346,0.009385290001720708,0.028440272732487
20b,Calibration Line 1,4,Cer 18:1;O2/24:1,8.948628365807277e-4,0.007622472928332637,2.023100351875086,0.05228135770158631,0.15923056772339628,0.012433471547856673,0.037677186508656584
21,Calibration Line 1,1,Cer 18:1;O2/16:0,0.019682013688079394,0.00757785654822844,6.641361794310315,0.5197534088138781,1.5829854846920546,0.003765331175087826,0.01141009446996311
21,Calibration Line 1,2,Cer 18:1;O2/18:0,0.012898030540719906,0.004723478074214343,6.625387332011426,0.32397602341845066,0.9867166501707546,0.0023526892638554716,0.007129361405622642
21,Calibration Line 1,3,Cer 18:1;O2/24:0,8.720993519677199e-4,0.002055685464146518,0.3930359199348464,0.01409962725790943,0.04294248947741217,0.01725990345311964,0.05230273773672618
21,Calibration Line 1,4,Cer 18:1;O2/24:1,-0.01066955975019289,0.006090493977610645,1.0649936576922856,0.04177375206401308,0.12722810863206363,0.018872065557335303,0.05718807744647062
21,Calibration Line 2,1,Cer 18:1;O2/16:0,0.034197731262476015,0.009396687140846528,5.87288743259089,0.644504173697283,1.9629322953639163,0.005280037787326284,0.016000114507049346
21,Calibration Line 2,2,Cer 18:1;O2/18:0,0.013175226187397637,0.004571221653504195,6.407776289678866,0.3135329920448362,0.9549108615019685,0.002354175735014595,0.007133865863680593
21,Calibration Line 2,3,Cer 18:1;O2/24:0,-9.299313680443926e-4,0.0020889549760403896,0.3915803370332954,0.014327817671733724,0.04363747695936841,0.01760443712051644,0.053346779153080136
21,Calibration Line 2,4,Cer 18:1;O2/24:1,-0.013520305709931244,0.0058354401022951375,1.0591270146748044,0.04002437715459471,0.12190012993691013,0.018181910262657808,0.055096697765629726
22,Calibration Line 1,1,Cer 18:1;O2/16:0,0.013821812509992948,0.004524511139416818,10.791605330683002,0.31032919044607954,0.9451532123155232,0.0013835649379822642,0.004192621024188679
22,Calibration Line 1,2,Cer 18:1;O2/18:0,0.009932660253779872,0.004020406619138529,12.4738077773575,0.2757534445018814,0.839847690458589,0.0010636160248709357,0.00322307886324526
22,Calibration Line 1,3,Cer 18:1;O2/24:0,-0.002246145539368507,0.0013920964237444568,0.7122728707025925,0.009548173115099968,0.029080366170224893,0.006449660498546329,0.019544425753170693
22,Calibration Line 1,4,Cer 18:1;O2/24:1,-0.009603806674237927,0.004762645187274011,2.0318499474687206,0.032666243485902094,0.09948985115000301,0.007735181988996845,0.023439945421202566
22,Calibration Line 2,1,Cer 18:1;O2/16:0,0.0026300226947115245,0.0030232865638072518,10.749094188988906,0.2073625288838927,0.6315530936898288,9.281568739795724e-4,0.002812596587816886
22,Calibration Line 2,2,Cer 18:1;O2/18:0,7.870120280489897e-4,0.0042945138687599275,12.736557579686464,0.294554034941222,0.8971076550195405,0.0011126943586005152,0.0033718010866682284
22,Calibration Line 2,3,Cer 18:1;O2/24:0,-0.0020955940954527044,0.0015140289861751656,0.7173904407310808,0.01038448961918565,0.03162749114165555,0.006964541720525859,0.02110467188038139
22,Calibration Line 2,4,Cer 18:1;O2/24:1,-0.0016630933834264892,0.004436530273237841,1.9657333442014264,0.030429471950883136,0.09267743431451225,0.007447881954524486,0.022569339256134812
23,Calibration Line 1,1,Cer 18:1;O2/16:0,-0.041757320623748664,0.007150489714334866,11.150795104235026,0.490440981570569,1.4937101743999266,0.002116137534295035,0.006412537982712228
23,Calibration Line 1,2,Cer 18:1;O2/18:0,-0.055367918152386675,0.0098446840013826,14.41141857741756,0.6752315824202649,2.056517139957208,0.0022542858657557735,0.00683116929016901
23,Calibration Line 1,3,Cer 18:1;O2/24:0,-0.032842935003767046,0.004196931281918653,0.7881400170985152,0.028786099689954964,0.08767230228289835,0.01757285879394747,0.05325108725438628
23,Calibration Line 1,4,Cer 18:1;O2/24:1,-0.09895975042898997,0.014854384297877075,2.234086515942886,0.1018839143432702,0.3103024526516563,0.021941615883351723,0.06648974510106584
23,Calibration Line 2,1,Cer 18:1;O2/16:0,-0.03835366124577491,0.008188874661095176,10.995285447235617,0.5616621919886866,1.7106248504409476,0.002457715764751532,0.007447623529550099
23,Calibration Line 2,2,Cer 18:1;O2/18:0,-0.05726012523823569,0.011080097486011669,13.959632662736167,0.7599666741766143,2.3145903300887682,0.0026192896752536532,0.007937241440162586
23,Calibration Line 2,3,Cer 18:1;O2/24:0,-0.03411417423411131,0.00459406607396747,0.7863163886408718,0.03150998553567236,0.09596829742715117,0.01928030276756288,0.05842515990170571
23,Calibration Line 2,4,Cer 18:1;O2/24:1,-0.10598568279710813,0.013301383337533387,2.2698749134440086,0.09123212200736801,0.27786085175447905,0.019337878379941366,0.05859963145436778
24,Calibration Line 1,1,Cer 18:1;O2/16:0,0.02826395504335187,0.004212542702203866,12.554316464642277,0.28893175996533543,0.8799841893012754,0.0011072997049599916,0.0033554536513939136
24,Calibration Line 1,2,Cer 18:1;O2/18:0,0.023137505497070165,0.0052421267096816986,14.7701308348608,0.3595493276298961,1.0950603825144478,0.0011712163104960498,0.0035491403348365145
24,Calibration Line 1,3,Cer 18:1;O2/24:0,0.002078294450842381,5.009294233407316e-4,0.20698444608390693,0.0034357970977608797,0.010464225615209351,0.00798643148458748,0.024201307529052973
24,Calibration Line 1,4,Cer 18:1;O2/24:1,0.004247306173543776,0.0016167862486462488,0.5510465721162902,0.011089285719637217,0.033774051371493155,0.009682293458504023,0.02934028320758794
24,Calibration Line 2,1,Cer 18:1;O2/16:0,0.03825808450384589,0.003759607011081512,12.712801455502506,0.25786560452467205,0.7853676417350286,9.759220404719663e-4,0.002957339516581716
24,Calibration Line 2,2,Cer 18:1;O2/18:0,0.031912751548268434,0.005906331265360289,15.881393986226989,0.4051060862946351,1.233810194392498,0.0012272784865479864,0.0037190257168120805
24,Calibration Line 2,3,Cer 18:1;O2/24:0,0.0027182132668033825,8.885360164356613e-4,0.22593561523354655,0.006094330507012616,0.01856118029804319,0.012977895721339635,0.039326956731332234
24,Calibration Line 2,4,Cer 18:1;O2/24:1,0.005033779752845486,0.0019917455865650505,0.6036011020389193,0.013661073570325057,0.041606809691706645,0.010889245253963875,0.03299771289079962
25,Calibration Line 1,1,Cer 18:1;O2/16:0,-0.0038569481116623007,0.004870950082253659,10.534331880027864,0.3340908993593236,1.0175229931833054,0.0015258808488758716,0.004623881360229915
25,Calibration Line 1,2,Cer 18:1;O2/18:0,-1.2822111544602766e-4,0.007819324141502096,12.258239931945708,0.5363152959284351,1.6334271488675374,0.00210501424431339,0.006378831043373909
25,Calibration Line 1,3,Cer 18:1;O2/24:0,0.009193422010362379,0.0018223820035849919,0.6617446902045272,0.012499435064468191,0.038068868694980496,0.009087886462635239,0.027539049886773453
25,Calibration Line 1,4,Cer 18:1;O2/24:1,0.1957022938398557,0.11306575327718081,1.5652697946088072,0.7755004375170191,2.361900692028709,0.23837231581405824,0.7223403509516916
25,Calibration Line 2,1,Cer 18:1;O2/16:0,0.010216040256116565,0.007809807679664625,10.34720019720381,0.5356625765943605,1.63143919609244,0.0024907573886371595,0.007547749662536847
25,Calibration Line 2,2,Cer 18:1;O2/18:0,-0.004513100332468933,0.0047446778985149995,12.340266509103424,0.3254300864343436,0.9911452130410568,0.0012688086641847642,0.003844874739953831
25,Calibration Line 2,3,Cer 18:1;O2/24:0,0.010057509124913154,0.0025496855967545953,0.6608891038405758,0.017487897426966423,0.05326196483799224,0.012731277335932352,0.03857962829070409
25,Calibration Line 2,4,Cer 18:1;O2/24:1,0.0099491736765927,0.0034479093584920515,1.8678552922152827,0.02364867467406025,0.07202551846013484,0.006091532320755589,0.018459188850774515
26a,Calibration Line 1,1,Cer 18:1;O2/16:0,0.10687136332045867,0.20864103589833619,17.208772950824546,14.310364538633372,25.16341938928328,0.04000955910290627,0.12124108819062507
26a,Calibration Line 1,2,Cer 18:1;O2/18:0,0.051248703356669256,0.17318037637957134,15.25590229683396,11.878172988639584,20.886641125365664,0.03746059924434539,0.11351696740710726
26a,Calibration Line 1,3,Cer 18:1;O2/24:0,0.018956257070715115,0.08167403906620695,0.8117157020460838,0.560189546293048,0.9850402100385955,0.33204276847065495,1.0061902074868332
26a,Calibration Line 1,4,Cer 18:1;O2/24:1,0.05018425533553671,0.227140349024795,2.2960428607493197,1.557920368820003,2.739455274524295,0.3264586931696917,0.9892687671808842
26b,Calibration Line 1,1,Cer 18:1;O2/16:0,0.01421945492313104,0.13566559858815702,13.157353990580505,9.305092657296925,16.36212329599144,0.03402633049634668,0.10311009241317176
26b,Calibration Line 1,2,Cer 18:1;O2/18:0,0.005589874040643518,0.14190573113202984,14.126630179577779,9.733093654740792,17.11472247462425,0.03314937156156903,0.10045264109566374
26b,Calibration Line 1,3,Cer 18:1;O2/24:0,0.023574363986051963,0.08592269650940623,0.8403393598035288,0.5893304276878208,1.0362816873559904,0.33741713412939894,1.0224761640284818
26b,Calibration Line 1,4,Cer 18:1;O2/24:1,0.04995834315641415,0.23057178009437285,2.308515602204446,1.5814560214702222,2.7808404884815716,0.3296000571037271,0.9987880518294762
27,Calibration Line 1,1,Cer 18:1;O2/16:0,0.292023938758131,0.0072433947599637675,11.754600143796944,0.4968131943268159,1.5131176859764799,0.002033518998134059,0.006162178782224422
27,Calibration Line 1,2,Cer 18:1;O2/18:0,0.11597199308464035,0.010851135347067152,14.23481360906711,0.7442625167478819,2.266761007880505,0.0025155753794003036,0.0076229556951524354
27,Calibration Line 1,3,Cer 18:1;O2/24:0,0.051374598747727714,0.007166762065652524,0.7307575257672738,0.04915570768691462,0.1497109406857512,0.03236410708438644,0.09807305177086797
27,Calibration Line 1,4,Cer 18:1;O2/24:1,0.1178932212397071,0.017039266316739753,2.1017992048912255,0.1168696806999256,0.3559438091435901,0.026753068853763905,0.08106990561746638
27,Calibration Line 2,1,Cer 18:1;O2/16:0,0.2862857387836514,0.005471202870496307,11.29071409666309,0.3752613056415707,1.1429135234588066,0.0015990989868367902,0.004845754505566032
27,Calibration Line 2,2,Cer 18:1;O2/18:0,0.2067876984788033,0.05448487567407913,14.852758407493923,3.7370329828984885,11.381683828190416,0.01210550153658619,0.03668333798965512
27,Calibration Line 2,3,Cer 18:1;O2/24:0,0.04785689972978144,0.006691656197643084,0.7271190412634948,0.04589703034360819,0.13978615934468996,0.030369807691805292,0.09202972027819786
27,Calibration Line 2,4,Cer 18:1;O2/24:1,0.12514447836579234,0.015344117113769401,2.039952251887589,0.1052429156498806,0.3205327853849429,0.024821946900269544,0.07521802090990772
28,Calibration Line 1,1,Cer 18:1;O2/16:0,0.9402381513882716,0.014808047105347041,10.596506524876975,1.0156609473796265,3.0933448627871702,0.004611572250998314,0.013974461366661558
28,Calibration Line 1,2,Cer 18:1;O2/18:0,0.12360048159323034,0.0020928107041649486,12.787679048547163,0.14354263511971585,0.43718021657136835,5.4007261970881e-4,0.0016365836960873033
28,Calibration Line 1,3,Cer 18:1;O2/24:0,0.0389210561355742,0.005316087207153761,0.5691592170962446,0.03646221632574935,0.11105104498512662,0.030822812416373257,0.09340246186779774
28,Calibration Line 1,4,Cer 18:1;O2/24:1,0.06614066852611954,0.01203836440704001,1.6310006470156762,0.08256927136692065,0.2514768654499388,0.024357196066060304,0.07380968504866758
28,Calibration Line 2,1,Cer 18:1;O2/16:0,0.9862667836267397,0.013132438430148803,10.37189169246108,0.900733551323813,2.7433165673210875,0.004178316560227007,0.012661565334021234
28,Calibration Line 2,2,Cer 18:1;O2/18:0,0.14192594943216544,0.0028179921455830028,12.752496146186367,0.19328170365271824,0.5886678685514274,7.292199090924552e-4,0.0022097573002801676
28,Calibration Line 2,3,Cer 18:1;O2/24:0,0.04207611660763561,0.00552144197541486,0.552587939548094,0.037870712780394465,0.11534082818834147,0.032973500170434336,0.09991969748616467
28,Calibration Line 2,4,Cer 18:1;O2/24:1,0.0797507737396487,0.012637618195764573,1.5937660560094453,0.08667946001264049,0.2639950497565482,0.026167039942138117,0.07929406043072156
29a,Calibration Line 1,1,Cer 18:1;O2/16:0,0.024989653314425018,0.0032264050211844564,10.170227056411989,0.22129410834081698,0.6739837688622593,0.0010468927105414074,0.00317240215315578
29a,Calibration Line 1,2,Cer 18:1;O2/18:0,0.0070373170976133345,0.0030528740702727517,12.632417118892214,0.20939188998961875,0.6377338115438859,7.97510431858155e-4,0.002416698278358046
29a,Calibration Line 1,3,Cer 18:1;O2/24:0,0.007913186431284247,9.3796200927567e-4,0.7027595118224453,0.006433335713816254,0.01959367053765479,0.004404457824530653,0.01334684189251713
29a,Calibration Line 1,4,Cer 18:1;O2/24:1,0.0068765442193752975,0.003913507894164351,2.031832490980405,0.026842142701783766,0.08175169523548476,0.006356122420559771,0.019260977031999305
29a,Calibration Line 2,1,Cer 18:1;O2/16:0,0.019940384989142388,0.0035343117183095052,10.274983385024841,0.2424129503786462,0.7383043097812311,0.0011351092486845096,0.0034397249960136655
29a,Calibration Line 2,2,Cer 18:1;O2/18:0,0.011152097299129912,0.003000811793581208,12.531924522938215,0.20582101930754346,0.6268581994524954,7.901961826128379e-4,0.002394533886705569
29a,Calibration Line 2,3,Cer 18:1;O2/24:0,0.009105127715112687,0.0010809897808844384,0.7192432067400097,0.007414340980616788,0.02258146642589262,0.004959749697306676,0.015029544537292957
29a,Calibration Line 2,4,Cer 18:1;O2/24:1,0.008734821909989062,0.0030339621620518063,2.058504082607395,0.020809475158346753,0.06337831856629324,0.004863762583404358,0.014738674495164722
29b,Calibration Line 1,1,Cer 18:1;O2/16:0,0.007645366534395616,0.005388485243112088,12.914915315262053,0.3695878320770711,1.1256341249053996,0.001376857754634768,0.004172296226165964
29b,Calibration Line 1,2,Cer 18:1;O2/18:0,0.08958374575626031,0.022825823895651083,14.149924258852408,1.565587802202914,4.768228017116517,0.00532336551614571,0.016131410654987004
29b,Calibration Line 1,3,Cer 18:1;O2/24:0,-0.005880093635905463,0.0030104594406942325,0.7241633833833794,0.02064827364358784,0.06288735563339767,0.013718611548509535,0.04157155014699859
29b,Calibration Line 1,4,Cer 18:1;O2/24:1,-0.02080117072931658,0.009005681276017035,2.089618294892818,0.06176856888370943,0.18812526535660987,0.014222094189877185,0.04309725512083996
29b,Calibration Line 2,1,Cer 18:1;O2/16:0,0.014429852720892047,0.0049527948610109075,12.868388291723427,0.3397045055924269,1.0346200569698776,0.0012701064555106815,0.003848807440941459
29b,Calibration Line 2,2,Cer 18:1;O2/18:0,0.004819864877074043,0.011523242528035013,15.0122988360265,0.7903613042048705,2.40716164820117,0.0025330364628273387,0.007675868069173754
29b,Calibration Line 2,3,Cer 18:1;O2/24:0,-0.010405224342054408,0.0028790099775291176,0.7598698495767086,0.0197466821957688,0.06014142621606677,0.012503105539900741,0.03788819860575983
29b,Calibration Line 2,4,Cer 18:1;O2/24:1,-0.033742607161076354,0.007851755278979142,2.2233306348612145,0.05385396972678016,0.16402018904519794,0.011654043719074908,0.035315283997196696
30,Calibration Line 1,1,Cer 18:1;O2/16:0,0.002580256470154032,0.0011799469132185649,9.522565431997455,0.08093072578790579,0.24648643378830506,4.089050205459701e-4,0.001239106122866576
30,Calibration Line 1,2,Cer 18:1;O2/18:0,-0.017654155990420736,0.0019058957545541226,13.369861276376524,0.13072242908913156,0.3981343926998336,4.7042043743128215e-4,0.0014255164770644914
30,Calibration Line 1,3,Cer 18:1;O2/24:0,-0.0044892616511123295,0.0010890085502029778,0.6864204653033312,0.007469340473696099,0.022748975474863858,0.0052354619323328995,0.015865036158584544
30,Calibration Line 1,4,Cer 18:1;O2/24:1,-0.015944430215264094,0.003641954664353769,2.0436162560496736,0.024979601282977618,0.07607905128431504,0.005880972201502839,0.017821127883341933
30,Calibration Line 2,1,Cer 18:1;O2/16:0,0.009702557266238358,0.0031290501421831762,11.060338785107634,0.21461668842615683,0.6536467039756185,9.335939585420207e-4,0.0028290726016424873
30,Calibration Line 2,2,Cer 18:1;O2/18:0,-0.015854643290829522,0.002788274627197396,13.683848602751356,0.1912434252313592,0.5824599917004882,6.724209348458691e-4,0.0020376391965026336
30,Calibration Line 2,3,Cer 18:1;O2/24:0,-0.005055883679700473,0.0010001024159225001,0.6431824825878101,0.006859547109798948,0.020891760058203843,0.005131262218562791,0.015549279450190278
30,Calibration Line 2,4,Cer 18:1;O2/24:1,-0.022752197557363164,0.002633739239780218,2.1395877273325983,0.018064408307157283,0.055017813553235526,0.004062156171605135,0.012309564156379198
31,Calibration Line 1,1,Cer 18:1;O2/16:0,0.04632399094393561,0.010841368692115461,12.389429423708386,0.7435926370567657,2.264720790713008,0.0028876645937801746,0.008750498769030833
31,Calibration Line 1,2,Cer 18:1;O2/18:0,0.05427261885919305,0.009228863363341621,14.978581554073797,0.6329934015042427,1.9278745449188301,0.002033253214870956,0.006161373378396837
31,Calibration Line 1,3,Cer 18:1;O2/24:0,0.05993495423646057,0.009923938277566696,0.9606439648158343,0.06806675101060944,0.20730730575838788,0.0340906699208259,0.1033050603661391
31,Calibration Line 1,4,Cer 18:1;O2/24:1,0.0629097090704548,0.022101869626973993,2.2586207694127687,0.1515932903541862,0.4616996716866502,0.03229234883374301,0.097855602526494
31,Calibration Line 2,1,Cer 18:1;O2/16:0,0.05593229513893516,0.012596507969090015,12.742001767337609,0.863974913541521,2.6313627271736757,0.003262319143963093,0.009885815587766949
31,Calibration Line 2,2,Cer 18:1;O2/18:0,0.038071842356387324,0.012249000552981363,15.120512337775187,0.8401399197063845,2.558769746292896,0.0026733023935871536,0.008100916344203497
31,Calibration Line 2,3,Cer 18:1;O2/24:0,0.042175233808896845,0.01008530260150121,1.107218805853868,0.06917352384131865,0.21067814526834405,0.030058646411165207,0.09108680730656125
31,Calibration Line 2,4,Cer 18:1;O2/24:1,0.052788046615333026,0.015735323140810276,2.3607471749904105,0.10792613701741315,0.3287049308773846,0.021995818491188,0.06665399542784244
32,Calibration Line 1,1,Cer 18:1;O2/16:0,0.03296705307574516,0.059738865414401106,9.795559198019175,0.3470514463069525,0.7823282846935088,0.020125268183503835,0.06098566116213284
32,Calibration Line 1,2,Cer 18:1;O2/18:0,-0.3637658411738389,0.1962009641841787,18.211606826800768,1.1398246001927428,2.569408754261656,0.03555222710249613,0.10773402152271552
32,Calibration Line 1,3,Cer 18:1;O2/24:0,-0.0034311706986842566,0.0034054764944243645,0.8010086701803505,0.023357634251157656,0.07113911202758284,0.01402990111089572,0.04251485185119915
32,Calibration Line 1,4,Cer 18:1;O2/24:1,-0.010053314608940463,0.00883552824046803,2.2172199623574875,0.060601515645319744,0.18457083299521423,0.013150361122737991,0.0398495791598121
32,Calibration Line 2,1,Cer 18:1;O2/16:0,0.13572705851372704,0.06609528778039082,9.513242991880313,0.3839789232543602,0.8655707261405705,0.022927454902755398,0.06947713606895575
32,Calibration Line 2,2,Cer 18:1;O2/18:0,0.08622492324063627,0.12831110698902015,16.280410797635952,0.7454201707528695,1.6803367044471305,0.026008351897683777,0.07881318756873873
32,Calibration Line 2,3,Cer 18:1;O2/24:0,-6.854551148068299e-4,0.003404293775450235,0.7856497650759992,0.023349522165443698,0.07111440547690322,0.014299208067476539,0.043330933537807696
32,Calibration Line 2,4,Cer 18:1;O2/24:1,-0.013267009983285359,0.012583166143901071,2.2292624561545185,0.08630598184776837,0.2628575670506797,0.0186269894602286,0.05644542260675332
33,Calibration Line 1,1,Cer 18:1;O2/16:0,0.013802172766095817,0.005436386864017876,11.757667183724465,0.37287332984217647,1.1356405917874905,0.0015258193969031985,0.004623695142130905
33,Calibration Line 1,2,Cer 18:1;O2/18:0,0.005531561839256014,0.00960435961953946,14.900483356594526,0.6587481064018039,2.0063142883125407,0.002127071047695455,0.006445669841501381
33,Calibration Line 1,3,Cer 18:1;O2/24:0,0.00246294065977599,0.0029860332475000685,0.7477293613307617,0.020480738178958586,0.06237710172417468,0.013178444269211064,0.03993467960366989
33,Calibration Line 1,4,Cer 18:1;O2/24:1,-0.015329411352120223,0.007951573188770981,2.13383290024569,0.054538605263818846,0.16610534731267296,0.012297210114214162,0.03726427307337625
33,Calibration Line 2,1,Cer 18:1;O2/16:0,0.012079635148508017,0.005532191978741013,11.244134439405306,0.3794444538324816,1.1556539167957924,0.00162362284337921,0.004920069222361243
33,Calibration Line 2,2,Cer 18:1;O2/18:0,-0.0034617538962983907,0.006279273432846519,13.871241108561243,0.430685610215119,1.3117163983438396,0.0014938535179526416,0.004526828842280732
33,Calibration Line 2,3,Cer 18:1;O2/24:0,-0.005094510802272578,0.002549677381432025,0.7026546796961015,0.01748784107934512,0.0532617932230204,0.011974495583470267,0.036286350252940205
33,Calibration Line 2,4,Cer 18:1;O2/24:1,-0.033687603456531,0.006454568020786783,2.01507325108237,0.04427087936903823,0.13483347727467418,0.01057037229646879,0.032031431201420574
34,Calibration Line 1,1,Cer 18:1;O2/16:0,0.03297070269831348,0.008435245445074065,13.163538830331392,0.5785603813368491,1.0173435818702858,0.002114652475108294,0.0064080378033584675
34,Calibration Line 1,2,Cer 18:1;O2/18:0,0.01199923976262234,0.005825129575712523,14.188426642690912,0.3995365885445439,0.7025472140676853,0.0013548315175420742,0.0041055500531578006
34,Calibration Line 1,3,Cer 18:1;O2/24:0,0.03497057813343052,0.00549202952997123,0.8281717509627476,0.037668977386176,0.06623732563728921,0.02188398412266091,0.06631510340200276
34,Calibration Line 1,4,Cer 18:1;O2/24:1,0.025577634409605126,0.00912417025142728,2.1989077864040083,0.06258126635936613,0.11004322406056355,0.013693053440385567,0.04149410133450172
34,Calibration Line 2,1,Cer 18:1;O2/16:0,0.022676126278599305,0.00411186634119821,12.894922713894996,0.2820265247597549,0.49591690709715014,0.0010522869525485849,0.003188748341056318
34,Calibration Line 2,2,Cer 18:1;O2/18:0,0.0028886137944885352,0.008887447207937665,14.010709169486601,0.609576197778366,1.071881954719693,0.0020932970223996867,0.006343324310302083
34,Calibration Line 2,3,Cer 18:1;O2/24:0,0.03170732624924342,0.003891506306716353,0.7937194732965751,0.02669123723131683,0.0469340102872473,0.016179483109853766,0.04902873669652657
34,Calibration Line 2,4,Cer 18:1;O2/24:1,0.018966007407997514,0.01393720299050103,2.1371498867537744,0.09559311023560318,0.1680914219264319,0.02152061030146751,0.0652139706105076
35,Calibration Line 1,1,Cer 18:1;O2/16:0,0.27803782750972933,0.014910086178364054,12.259165309890038,1.0226596488851598,3.1146604380331975,0.004013591720547793,0.012162399153175131
35,Calibration Line 1,2,Cer 18:1;O2/18:0,0.09932320600218413,0.009418843003402611,13.451354432442278,0.6460238098919572,1.9675605709988402,0.0023107102015142737,0.007002152125800829
35,Calibration Line 1,3,Cer 18:1;O2/24:0,0.04369845663743349,0.006072578615621827,0.7202925248065497,0.04165087337919554,0.1268538635166961,0.027821348606851194,0.08430711699045816
35,Calibration Line 1,4,Cer 18:1;O2/24:1,0.1140274881940952,0.014249340575109154,1.9771272258530759,0.09773401343938486,0.2976633188194175,0.023783408211159075,0.07207093397320932
35,Calibration Line 2,1,Cer 18:1;O2/16:0,0.33311606184223547,0.023554031550019592,9.909908430449725,1.6155344339811144,4.920347833501335,0.007843493677119399,0.023768162657937575
35,Calibration Line 2,2,Cer 18:1;O2/18:0,0.17446068471320803,0.033559667989312696,11.489455951460133,2.301805494085929,7.010487327130267,0.009639003346425439,0.029209101049774058
35,Calibration Line 2,3,Cer 18:1;O2/24:0,0.07575808717508019,0.01879779487880587,0.6135114467782665,0.12893115492833532,0.39267880366942126,0.10111094654518982,0.3063968077126964
35,Calibration Line 2,4,Cer 18:1;O2/24:1,0.2172942790853089,0.055123479941766564,1.6933312633915563,0.3780833857578708,1.1515085837027328,0.10742581073208851,0.32553275979420765
36,Calibration Line 1,1,Cer 18:1;O2/16:0,0.008191683365126618,0.0032580304057714033,11.038137584326078,0.2234632443411492,0.6805901917247567,9.740321006971804e-4,0.0029516124263550924
36,Calibration Line 1,2,Cer 18:1;O2/18:0,0.012610016892154649,0.003752432916153322,12.424423322305087,0.2573735444981527,0.7838690005210058,9.966682800541084e-4,0.003020206909254874
36,Calibration Line 1,3,Cer 18:1;O2/24:0,0.0044624510512251995,9.029531914849162e-4,0.6978364585606454,0.0061932156710379025,0.018862349615355885,0.00426997686255349,0.012939323825919669
36,Calibration Line 1,4,Cer 18:1;O2/24:1,-0.0016150808288244378,0.003920209261498888,1.991088231089753,0.026888106339306748,0.08189168425679501,0.006497296483875996,0.019688777223866652
36,Calibration Line 2,1,Cer 18:1;O2/16:0,0.011584897258941174,0.010499571491667338,11.305207694334781,0.7201492980432442,2.193320652220778,0.0030648340887947747,0.009287376026650833
36,Calibration Line 2,2,Cer 18:1;O2/18:0,0.019666090432251652,0.01317486685922723,12.587421298194332,0.9036436513638152,2.752179705194176,0.0034540085380066407,0.010466692539414063
36,Calibration Line 2,3,Cer 18:1;O2/24:0,0.0066043115141735,0.0020879911035011833,0.700830787239505,0.014321206619720188,0.04361734202769023,0.009831717965322718,0.02979308474340218
36,Calibration Line 2,4,Cer 18:1;O2/24:1,0.6260266912433269,0.14486562732176636,1.3496348789276689,0.9936108336341014,3.026187996852166,0.35421177803411635,1.0733690243458072
37,Calibration Line 1,1,Cer 18:1;O2/16:0,0.00704464988441866,0.0011829746062981844,2.125556167934435,0.08113839055286395,0.24711890738643105,0.0018366092882775452,0.005565482691750136
37,Calibration Line 1,2,Cer 18:1;O2/18:0,0.015212724063933536,0.005292590528125188,11.04104995481948,0.36301056254386405,1.1056020827419157,0.0015818738991566026,0.0047935572701715235
37,Calibration Line 1,3,Cer 18:1;O2/24:0,0.0014383776790659155,0.0013473719561134375,0.5224001341414705,0.009241414939345867,0.02814608900860411,0.008511344397875365,0.02579195272083444
37,Calibration Line 1,4,Cer 18:1;O2/24:1,-0.004341960191616372,0.0027723251044597767,1.3647539249006455,0.019014947224358855,0.05791281969085534,0.006703532906405299,0.02031373608001606
37,Calibration Line 2,1,Cer 18:1;O2/16:0,0.010708138721875263,0.0015585278208850636,2.1529485642408224,0.10689700213784746,0.32557054917152817,0.0023888828067447567,0.007239038808317445
37,Calibration Line 2,2,Cer 18:1;O2/18:0,0.024914522475305897,0.0083271956517401,10.466453811979003,0.5711494138621356,1.7395195806361674,0.002625506799570584,0.007956081210819952
37,Calibration Line 2,3,Cer 18:1;O2/24:0,-0.00512127318846013,0.004111130867881446,0.5263015855067454,0.028197607978747975,0.08587996418389832,0.025777486212484324,0.07811359458328583
37,Calibration Line 2,4,Cer 18:1;O2/24:1,-0.0029853257354829146,0.003403812932847055,1.3562163608741094,0.02334622414072503,0.0711043608573408,0.008282294036886304,0.02509786071783729
38,Calibration Line 1,1,Cer 18:1;O2/16:0,-0.005220868799294531,0.007147417481939545,6.928321127492728,0.4902302619231365,1.4930683967077203,0.003404356879014375,0.010316232966710227
38,Calibration Line 1,2,Cer 18:1;O2/18:0,0.01520367435460439,0.006432399481018232,8.285711087019399,0.44118828798539844,1.3437038488902273,0.002561870437483004,0.007763243749948498
38,Calibration Line 1,3,Cer 18:1;O2/24:0,0.015957702715424134,0.0028600746427585315,0.4941966512653118,0.019616807676088893,0.059745874256236786,0.019098159198242294,0.057873209691643314
38,Calibration Line 1,4,Cer 18:1;O2/24:1,0.04414548257361003,0.008008020857729734,1.3561627989990663,0.05492577105633793,0.16728451770258085,0.01948620685511542,0.059049111682167935
38,Calibration Line 2,1,Cer 18:1;O2/16:0,-0.018587940570102407,0.010496828158971405,9.01507350472767,0.7199611371152633,2.1927475804280223,0.003842401607312467,0.011643641234280203
38,Calibration Line 2,2,Cer 18:1;O2/18:0,-0.00666226938249217,0.009005902068619464,10.433590727986667,0.6177008326587042,1.8812987763031213,0.0028484418836485347,0.008631642071662228
38,Calibration Line 2,3,Cer 18:1;O2/24:0,4.60532039603987e-4,0.005373763018180993,0.6257351005822378,0.036857805753930294,0.1122558707969229,0.0283401361750309,0.08587920053039667
38,Calibration Line 2,4,Cer 18:1;O2/24:1,0.005428029445103701,0.012059687676888047,1.673239855827266,0.08271552436234275,0.25192230046762204,0.023784378070563317,0.07207387294110096
