SampleType,LabNum,LabId,ceramideName,Protocol,LC,MassAnalyzerType,MassAnalyzerResolution,C_SinglePoint_mean,C_Adj_mean,Outlier_sp,Outlier_mp
SRM,1,02b,Cer 18:1;O2/16:0,SOP,RP,QQQ,LowRes,0.3708839937275656,0.2666649529589094,FALSE,FALSE
SRM,2,03,Cer 18:1;O2/16:0,OTHER,RP,QQQ,LowRes,0.36204636402528106,0.220742660592977,FALSE,FALSE
SRM,3,04,Cer 18:1;O2/16:0,SOP,RP,QQQ,LowRes,0.32715526241543247,0.2653416272459629,FALSE,FALSE
SRM,4,05,Cer 18:1;O2/16:0,OTHER,RP,QQQ,LowRes,0.36957400766802684,0.256300488323121,FALSE,FALSE
SRM,5,07,Cer 18:1;O2/16:0,OTHER,RP,Orbitrap,HighRes,0.4613725076054869,0.33255158203379376,TRUE,TRUE
SRM,6,09,Cer 18:1;O2/16:0,OTHER,FIA,QQQ,LowRes,0.31412647489917733,0.24374312195166842,FALSE,FALSE
SRM,7,10a,Cer 18:1;O2/16:0,SOP,RP,QQQ,LowRes,0.36154755756963175,0.17745334010291033,FALSE,FALSE
SRM,7,10b,Cer 18:1;O2/16:0,OTHER,RP,QQQ,LowRes,0.3366608429106409,0.1906542116128439,FALSE,FALSE
SRM,8,12,Cer 18:1;O2/16:0,SOP,RP,QQQ,LowRes,0.24829651819025042,0.2564766061780286,TRUE,FALSE
SRM,9,13,Cer 18:1;O2/16:0,OTHER,RP,QQQ,LowRes,0.23105613582772927,0.20357702681545586,TRUE,FALSE
SRM,10,14,Cer 18:1;O2/16:0,SOP,RP,QQQ,LowRes,0.36732137297822043,0.22813431710731677,FALSE,FALSE
SRM,11,15,Cer 18:1;O2/16:0,SOP,RP,QQQ,LowRes,0.33618991579132224,0.24684474927627825,FALSE,FALSE
SRM,12,16,Cer 18:1;O2/16:0,OTHER,RP,Orbitrap,HighRes,0.37624739873086177,0.24038010237676333,FALSE,FALSE
SRM,13,17a,Cer 18:1;O2/16:0,OTHER,RP,TOF,HighRes,0.3174009040844049,0.2868440082314936,FALSE,FALSE
SRM,14,18a,Cer 18:1;O2/16:0,SOP,RP,QQQ,LowRes,0.3320849885708429,0.23748680953620094,FALSE,FALSE
SRM,14,18b,Cer 18:1;O2/16:0,SOP,RP,QQQ,LowRes,0.3351453458914544,0.249752890501049,FALSE,FALSE
SRM,15,19,Cer 18:1;O2/16:0,SOP,RP,QQQ,LowRes,0.2526102421654227,0.2803449282463398,FALSE,FALSE
SRM,16,20a,Cer 18:1;O2/16:0,SOP,RP,QQQ,LowRes,0.32982596540238984,0.24807004978953112,FALSE,FALSE
SRM,16,20b,Cer 18:1;O2/16:0,OTHER,RP,QQQ,LowRes,0.3523307464784671,0.26216829052585555,FALSE,FALSE
SRM,17,21,Cer 18:1;O2/16:0,SOP,RP,QQQ,LowRes,0.3758687165645044,0.4779899123247745,FALSE,TRUE
SRM,18,22,Cer 18:1;O2/16:0,SOP,RP,QQQ,LowRes,0.33698065126004867,0.2495407172373891,FALSE,FALSE
SRM,19,23,Cer 18:1;O2/16:0,SOP,RP,QQQ,LowRes,0.35153157402149443,0.25760195131175984,FALSE,FALSE
SRM,20,24,Cer 18:1;O2/16:0,SOP,RP,QQQ,LowRes,0.37991182635495646,0.2379522045700868,FALSE,FALSE
SRM,21,25,Cer 18:1;O2/16:0,SOP,RP,QQQ,LowRes,0.3684715157236691,0.2820450151826029,FALSE,FALSE
SRM,22,26a,Cer 18:1;O2/16:0,OTHER,FIA,Orbitrap,HighRes,0.7342399148732748,0.3227019872302249,TRUE,FALSE
SRM,22,26b,Cer 18:1;O2/16:0,OTHER,FIA,QQQ,LowRes,0.32247076979548794,0.19282811691551766,FALSE,FALSE
SRM,23,27,Cer 18:1;O2/16:0,SOP,RP,QQQ,LowRes,0.3104286142860981,0.19051346269422287,FALSE,FALSE
SRM,24,28,Cer 18:1;O2/16:0,SOP,RP,QQQ,LowRes,0.3808621834504143,0.19874074705949446,FALSE,FALSE
SRM,25,29a,Cer 18:1;O2/16:0,SOP,RP,TOF,HighRes,0.3244141509917382,0.2516875829386266,FALSE,FALSE
SRM,25,29b,Cer 18:1;O2/16:0,OTHER,SFC,QQQ,LowRes,0.3857853676988865,0.23854578695888268,FALSE,FALSE
SRM,26,30,Cer 18:1;O2/16:0,SOP,RP,QQQ,LowRes,0.39959791132987693,0.31179456235183284,FALSE,FALSE
SRM,27,31,Cer 18:1;O2/16:0,SOP,RP,QQQ,LowRes,0.3763157023983352,0.23556537139992276,FALSE,FALSE
SRM,28,32,Cer 18:1;O2/16:0,OTHER,RP,TOF,HighRes,0.42443330723045325,0.3429602694602282,FALSE,TRUE
SRM,29,33,Cer 18:1;O2/16:0,OTHER,RP,QQQ,LowRes,0.38337021742852806,0.2656803260700053,FALSE,FALSE
SRM,30,34,Cer 18:1;O2/16:0,SOP,RP,QQQ,LowRes,0.34520131417254213,0.20984590208088863,FALSE,FALSE
SRM,31,35,Cer 18:1;O2/16:0,OTHER,RP,QQQ,LowRes,0.33213394458861945,0.21428495582355905,FALSE,FALSE
SRM,32,36,Cer 18:1;O2/16:0,SOP,RP,QQQ,LowRes,0.33304512922767665,0.23764322692321194,FALSE,FALSE
SRM,33,37,Cer 18:1;O2/16:0,OTHER,RP,QQQ,LowRes,0.07494807922270916,0.2761451574262022,TRUE,FALSE
SRM,34,38,Cer 18:1;O2/16:0,SOP,RP,QQQ,LowRes,0.059795529531630406,0.06246144695150027,TRUE,TRUE
SRM,1,02b,Cer 18:1;O2/18:0,SOP,RP,QQQ,LowRes,0.057349072225755165,0.08811796913170263,FALSE,FALSE
SRM,2,03,Cer 18:1;O2/18:0,OTHER,RP,QQQ,LowRes,0.057399595465245944,0.08661782724105432,FALSE,FALSE
SRM,3,04,Cer 18:1;O2/18:0,SOP,RP,QQQ,LowRes,0.05164729726461484,0.09091235379745959,FALSE,FALSE
SRM,4,05,Cer 18:1;O2/18:0,OTHER,RP,QQQ,LowRes,0.051345070303670165,0.09551632529169354,FALSE,FALSE
SRM,5,07,Cer 18:1;O2/18:0,OTHER,RP,Orbitrap,HighRes,0.05515707736393143,0.08313686647956703,FALSE,FALSE
SRM,6,09,Cer 18:1;O2/18:0,OTHER,FIA,QQQ,LowRes,0.04839809899728201,0.09560684140241188,FALSE,FALSE
SRM,7,10a,Cer 18:1;O2/18:0,SOP,RP,QQQ,LowRes,0.05579873698783122,0.062172647052979264,FALSE,FALSE
SRM,7,10b,Cer 18:1;O2/18:0,OTHER,RP,QQQ,LowRes,0.04912286228906027,0.056563504033617,FALSE,TRUE
SRM,8,12,Cer 18:1;O2/18:0,SOP,RP,QQQ,LowRes,0.06377349435444461,0.10498733753287853,FALSE,FALSE
SRM,9,13,Cer 18:1;O2/18:0,OTHER,RP,QQQ,LowRes,0.09470721244326408,0.1255507602238306,TRUE,TRUE
SRM,10,14,Cer 18:1;O2/18:0,SOP,RP,QQQ,LowRes,0.05462962991776571,0.08346183722672167,FALSE,FALSE
SRM,11,15,Cer 18:1;O2/18:0,SOP,RP,QQQ,LowRes,0.05725042168899557,0.0871282795685367,FALSE,FALSE
SRM,12,16,Cer 18:1;O2/18:0,OTHER,RP,Orbitrap,HighRes,0.05400902905902893,0.07759795022813448,FALSE,FALSE
SRM,13,17a,Cer 18:1;O2/18:0,OTHER,RP,TOF,HighRes,0.07398509768578929,0.1186625832588322,TRUE,TRUE
SRM,14,18a,Cer 18:1;O2/18:0,SOP,RP,QQQ,LowRes,0.05922677486025467,0.08251312372042854,FALSE,FALSE
SRM,14,18b,Cer 18:1;O2/18:0,SOP,RP,QQQ,LowRes,0.0498487351455783,0.0892348617999863,FALSE,FALSE
SRM,15,19,Cer 18:1;O2/18:0,SOP,RP,QQQ,LowRes,0.046522527943291994,0.08221285729572876,FALSE,FALSE
SRM,16,20a,Cer 18:1;O2/18:0,SOP,RP,QQQ,LowRes,0.052101855421173814,0.07358607769477864,FALSE,FALSE
SRM,16,20b,Cer 18:1;O2/18:0,OTHER,RP,QQQ,LowRes,0.05139657377414005,0.07935442284700196,FALSE,FALSE
SRM,17,21,Cer 18:1;O2/18:0,SOP,RP,QQQ,LowRes,0.05975134811305684,0.18143217733042902,FALSE,TRUE
SRM,18,22,Cer 18:1;O2/18:0,SOP,RP,QQQ,LowRes,0.05602336103416152,0.08847002770852753,FALSE,FALSE
SRM,19,23,Cer 18:1;O2/18:0,SOP,RP,QQQ,LowRes,0.061376496452623074,0.0905278164698861,FALSE,FALSE
SRM,20,24,Cer 18:1;O2/18:0,SOP,RP,QQQ,LowRes,0.06765899224104452,0.08662268829180139,FALSE,FALSE
SRM,21,25,Cer 18:1;O2/18:0,SOP,RP,QQQ,LowRes,0.05655258433566754,0.09215011829994901,FALSE,FALSE
SRM,22,26a,Cer 18:1;O2/18:0,OTHER,FIA,Orbitrap,HighRes,0.11390066841537261,0.13924232188339922,TRUE,TRUE
SRM,22,26b,Cer 18:1;O2/18:0,OTHER,FIA,QQQ,LowRes,0.03761549908070372,0.05206764459336387,TRUE,TRUE
SRM,23,27,Cer 18:1;O2/18:0,SOP,RP,QQQ,LowRes,0.05099533914328203,0.05912350985571432,FALSE,FALSE
SRM,24,28,Cer 18:1;O2/18:0,SOP,RP,QQQ,LowRes,0.05599650154869826,0.07730221575010324,FALSE,FALSE
SRM,25,29a,Cer 18:1;O2/18:0,SOP,RP,TOF,HighRes,0.05215590149286133,0.0821822888651227,FALSE,FALSE
SRM,25,29b,Cer 18:1;O2/18:0,OTHER,SFC,QQQ,LowRes,0.06871054265065454,0.0910023974354279,FALSE,FALSE
SRM,26,30,Cer 18:1;O2/18:0,SOP,RP,QQQ,LowRes,0.05537195214668532,0.08312023319096354,FALSE,FALSE
SRM,27,31,Cer 18:1;O2/18:0,SOP,RP,QQQ,LowRes,0.060129667229452455,0.07684009588126577,FALSE,FALSE
SRM,28,32,Cer 18:1;O2/18:0,OTHER,RP,TOF,HighRes,0.11945461698199582,0.14630487355518063,TRUE,TRUE
SRM,29,33,Cer 18:1;O2/18:0,OTHER,RP,QQQ,LowRes,0.061635941709374975,0.08573856486759511,FALSE,FALSE
SRM,30,34,Cer 18:1;O2/18:0,SOP,RP,QQQ,LowRes,0.05073109436495621,0.07143812362245587,FALSE,FALSE
SRM,31,35,Cer 18:1;O2/18:0,OTHER,RP,QQQ,LowRes,0.04877775320464332,0.06743254974442298,FALSE,FALSE
SRM,32,36,Cer 18:1;O2/18:0,SOP,RP,QQQ,LowRes,0.053577599995306445,0.08439855430352991,FALSE,FALSE
SRM,33,37,Cer 18:1;O2/18:0,OTHER,RP,QQQ,LowRes,0.04889289609167444,0.08911761515560399,FALSE,FALSE
SRM,34,38,Cer 18:1;O2/18:0,SOP,RP,QQQ,LowRes,0.009481301931524987,0.019932047423084367,TRUE,TRUE
SRM,1,02b,Cer 18:1;O2/24:0,SOP,RP,QQQ,LowRes,2.5506333614319443,2.641395627572555,FALSE,FALSE
SRM,2,03,Cer 18:1;O2/24:0,OTHER,RP,QQQ,LowRes,3.0374490200476774,2.673087438274486,FALSE,FALSE
SRM,3,04,Cer 18:1;O2/24:0,SOP,RP,QQQ,LowRes,2.8337515311361128,2.5341101287421823,FALSE,FALSE
SRM,4,05,Cer 18:1;O2/24:0,OTHER,RP,QQQ,LowRes,0.5986432039334131,2.6410235295898468,TRUE,FALSE
SRM,5,07,Cer 18:1;O2/24:0,OTHER,RP,Orbitrap,HighRes,2.491405688726984,2.359477905232679,FALSE,FALSE
SRM,6,09,Cer 18:1;O2/24:0,OTHER,FIA,QQQ,LowRes,2.1331750499891893,2.432094099268396,FALSE,FALSE
SRM,7,10a,Cer 18:1;O2/24:0,SOP,RP,QQQ,LowRes,2.5128398419183076,2.0087585201185982,FALSE,FALSE
SRM,7,10b,Cer 18:1;O2/24:0,OTHER,RP,QQQ,LowRes,2.379283931972223,1.8483908257281252,FALSE,FALSE
SRM,8,12,Cer 18:1;O2/24:0,SOP,RP,QQQ,LowRes,2.0777201721826475,2.668067015407275,FALSE,FALSE
SRM,9,13,Cer 18:1;O2/24:0,OTHER,RP,QQQ,LowRes,1.8885372577047463,3.8980904215479644,FALSE,TRUE
SRM,10,14,Cer 18:1;O2/24:0,SOP,RP,QQQ,LowRes,2.84869023075828,2.755734538852099,FALSE,FALSE
SRM,11,15,Cer 18:1;O2/24:0,SOP,RP,QQQ,LowRes,2.4119107957165293,3.201573159350197,FALSE,TRUE
SRM,12,16,Cer 18:1;O2/24:0,OTHER,RP,Orbitrap,HighRes,2.6405200043844648,2.3784355836522364,FALSE,FALSE
SRM,13,17a,Cer 18:1;O2/24:0,OTHER,RP,TOF,HighRes,3.0838323675890087,2.4368296603270214,FALSE,FALSE
SRM,14,18a,Cer 18:1;O2/24:0,SOP,RP,QQQ,LowRes,2.551987829208344,2.2964732787254785,FALSE,FALSE
SRM,14,18b,Cer 18:1;O2/24:0,SOP,RP,QQQ,LowRes,2.6016053738080784,2.700141573200248,FALSE,FALSE
SRM,15,19,Cer 18:1;O2/24:0,SOP,RP,QQQ,LowRes,2.4180517700885145,2.1734779668431257,FALSE,FALSE
SRM,16,20a,Cer 18:1;O2/24:0,SOP,RP,QQQ,LowRes,2.508017895054766,2.154435031312305,FALSE,FALSE
SRM,16,20b,Cer 18:1;O2/24:0,OTHER,RP,QQQ,LowRes,2.4809448567744363,2.335311092535689,FALSE,FALSE
SRM,17,21,Cer 18:1;O2/24:0,SOP,RP,QQQ,LowRes,2.9524645607720275,5.017349695409944,FALSE,TRUE
SRM,18,22,Cer 18:1;O2/24:0,SOP,RP,QQQ,LowRes,2.735347686126764,2.5541113669347046,FALSE,FALSE
SRM,19,23,Cer 18:1;O2/24:0,SOP,RP,QQQ,LowRes,2.891522811057098,2.4912265449169273,FALSE,FALSE
SRM,20,24,Cer 18:1;O2/24:0,SOP,RP,QQQ,LowRes,0.7632488624892632,2.344177262991946,TRUE,FALSE
SRM,21,25,Cer 18:1;O2/24:0,SOP,RP,QQQ,LowRes,2.5452276262814855,2.551263072337913,FALSE,FALSE
SRM,22,26a,Cer 18:1;O2/24:0,OTHER,FIA,Orbitrap,HighRes,2.902406058149185,2.3137024405876123,FALSE,FALSE
SRM,22,26b,Cer 18:1;O2/24:0,OTHER,FIA,QQQ,LowRes,2.7859017457157975,2.125980078972781,FALSE,FALSE
SRM,23,27,Cer 18:1;O2/24:0,SOP,RP,QQQ,LowRes,2.377023388694634,2.105912799264752,FALSE,FALSE
SRM,24,28,Cer 18:1;O2/24:0,SOP,RP,QQQ,LowRes,2.6817321219179258,3.1159979617649043,FALSE,FALSE
SRM,25,29a,Cer 18:1;O2/24:0,SOP,RP,TOF,HighRes,2.6395087392697354,2.4632942833879614,FALSE,FALSE
SRM,25,29b,Cer 18:1;O2/24:0,OTHER,SFC,QQQ,LowRes,2.7518985054941436,2.4847888041527884,FALSE,FALSE
SRM,26,30,Cer 18:1;O2/24:0,SOP,RP,QQQ,LowRes,2.166851992081517,2.182432155163641,FALSE,FALSE
SRM,27,31,Cer 18:1;O2/24:0,SOP,RP,QQQ,LowRes,3.9675309746221403,2.52089418933685,TRUE,FALSE
SRM,28,32,Cer 18:1;O2/24:0,OTHER,RP,TOF,HighRes,2.8174628251940295,2.370427992914609,FALSE,FALSE
SRM,29,33,Cer 18:1;O2/24:0,OTHER,RP,QQQ,LowRes,2.6537215926749465,2.443894342051996,FALSE,FALSE
SRM,30,34,Cer 18:1;O2/24:0,SOP,RP,QQQ,LowRes,2.690672523341063,2.171874527022937,FALSE,FALSE
SRM,31,35,Cer 18:1;O2/24:0,OTHER,RP,QQQ,LowRes,2.2312430508581897,2.152768216709057,FALSE,FALSE
SRM,32,36,Cer 18:1;O2/24:0,SOP,RP,QQQ,LowRes,2.6236746486337665,2.4932210864756605,FALSE,FALSE
SRM,33,37,Cer 18:1;O2/24:0,OTHER,RP,QQQ,LowRes,1.949368001753684,2.48197538275134,FALSE,FALSE
SRM,34,38,Cer 18:1;O2/24:0,SOP,RP,QQQ,LowRes,0.46096488187453444,0.5399646932819553,TRUE,TRUE
SRM,1,02b,Cer 18:1;O2/24:1,SOP,RP,QQQ,LowRes,0.8657113129013884,0.9444254410701977,FALSE,FALSE
SRM,2,03,Cer 18:1;O2/24:1,OTHER,RP,QQQ,LowRes,0.8488223254024446,0.8550226037984381,FALSE,FALSE
SRM,3,04,Cer 18:1;O2/24:1,SOP,RP,QQQ,LowRes,0.9486109196666442,0.9160834305430262,FALSE,FALSE
SRM,4,05,Cer 18:1;O2/24:1,OTHER,RP,QQQ,LowRes,0.24853504184530376,0.9104073173364632,TRUE,FALSE
SRM,5,07,Cer 18:1;O2/24:1,OTHER,RP,Orbitrap,HighRes,0.9199607146763588,0.8833809121729818,FALSE,FALSE
SRM,6,09,Cer 18:1;O2/24:1,OTHER,FIA,QQQ,LowRes,0.7266296440986868,0.8914860628574304,FALSE,FALSE
SRM,7,10a,Cer 18:1;O2/24:1,SOP,RP,QQQ,LowRes,0.6218991972557895,0.7779072044531821,FALSE,FALSE
SRM,7,10b,Cer 18:1;O2/24:1,OTHER,RP,QQQ,LowRes,0.7736618612146982,0.5805061867412744,FALSE,TRUE
SRM,8,12,Cer 18:1;O2/24:1,SOP,RP,QQQ,LowRes,0.6880502561689767,0.9406935471460872,FALSE,FALSE
SRM,9,13,Cer 18:1;O2/24:1,OTHER,RP,QQQ,LowRes,0.4764506792934544,1.3790992517313219,TRUE,TRUE
SRM,10,14,Cer 18:1;O2/24:1,SOP,RP,QQQ,LowRes,0.9208675409680781,0.9213742205646583,FALSE,FALSE
SRM,11,15,Cer 18:1;O2/24:1,SOP,RP,QQQ,LowRes,0.8237330276639397,1.1676286325269656,FALSE,TRUE
SRM,12,16,Cer 18:1;O2/24:1,OTHER,RP,Orbitrap,HighRes,0.5175636121915038,0.894223354778217,FALSE,FALSE
SRM,13,17a,Cer 18:1;O2/24:1,OTHER,RP,TOF,HighRes,1.4261052771242844,1.0803285052063185,TRUE,TRUE
SRM,14,18a,Cer 18:1;O2/24:1,SOP,RP,QQQ,LowRes,0.9471238291919469,0.8231808785822361,FALSE,FALSE
SRM,14,18b,Cer 18:1;O2/24:1,SOP,RP,QQQ,LowRes,0.925014433083739,0.8967160765150306,FALSE,FALSE
SRM,15,19,Cer 18:1;O2/24:1,SOP,RP,QQQ,LowRes,0.7552335482835885,0.8326807483099026,FALSE,FALSE
SRM,16,20a,Cer 18:1;O2/24:1,SOP,RP,QQQ,LowRes,0.8326584776480909,0.7632286176488936,FALSE,FALSE
SRM,16,20b,Cer 18:1;O2/24:1,OTHER,RP,QQQ,LowRes,0.8590544995413801,0.8488032413491504,FALSE,FALSE
SRM,17,21,Cer 18:1;O2/24:1,SOP,RP,QQQ,LowRes,0.9448282779418571,1.7906420827768499,FALSE,TRUE
SRM,18,22,Cer 18:1;O2/24:1,SOP,RP,QQQ,LowRes,0.8957046446077203,0.89927770218721,FALSE,FALSE
SRM,19,23,Cer 18:1;O2/24:1,SOP,RP,QQQ,LowRes,0.9327061239110968,0.873889058320375,FALSE,FALSE
SRM,20,24,Cer 18:1;O2/24:1,SOP,RP,QQQ,LowRes,0.2467053979209956,0.8484022857369975,TRUE,FALSE
SRM,21,25,Cer 18:1;O2/24:1,SOP,RP,QQQ,LowRes,0.8226371034157239,0.9007969365251952,FALSE,FALSE
SRM,22,26a,Cer 18:1;O2/24:1,OTHER,FIA,Orbitrap,HighRes,1.1264800882816774,0.9156655768484296,FALSE,FALSE
SRM,22,26b,Cer 18:1;O2/24:1,OTHER,FIA,QQQ,LowRes,0.9425127059216291,0.7516303466682605,FALSE,FALSE
SRM,23,27,Cer 18:1;O2/24:1,SOP,RP,QQQ,LowRes,0.7655186495279416,0.6807644922221503,FALSE,FALSE
SRM,24,28,Cer 18:1;O2/24:1,SOP,RP,QQQ,LowRes,0.8584714540804045,1.0196941120819218,FALSE,FALSE
SRM,25,29a,Cer 18:1;O2/24:1,SOP,RP,TOF,HighRes,0.8795008968686724,0.8562995243605397,FALSE,FALSE
SRM,25,29b,Cer 18:1;O2/24:1,OTHER,SFC,QQQ,LowRes,1.3453457790074126,1.2614930492429957,TRUE,TRUE
SRM,26,30,Cer 18:1;O2/24:1,SOP,RP,QQQ,LowRes,0.8365157248621649,0.8095196279799595,FALSE,FALSE
SRM,27,31,Cer 18:1;O2/24:1,SOP,RP,QQQ,LowRes,1.0373656122481962,0.8736072631967032,FALSE,FALSE
SRM,28,32,Cer 18:1;O2/24:1,OTHER,RP,TOF,HighRes,1.421697019339934,1.2841929967640382,TRUE,TRUE
SRM,29,33,Cer 18:1;O2/24:1,OTHER,RP,QQQ,LowRes,0.8673112891390866,0.8488196705918843,FALSE,FALSE
SRM,30,34,Cer 18:1;O2/24:1,SOP,RP,QQQ,LowRes,0.8245761626714248,0.7505701333913144,FALSE,FALSE
SRM,31,35,Cer 18:1;O2/24:1,OTHER,RP,QQQ,LowRes,0.7409415629794173,0.7193226592927293,FALSE,FALSE
SRM,32,36,Cer 18:1;O2/24:1,SOP,RP,QQQ,LowRes,0.8461966086699827,0.8204550095522036,FALSE,FALSE
SRM,33,37,Cer 18:1;O2/24:1,OTHER,RP,QQQ,LowRes,0.5759645697387767,0.849404373988184,FALSE,FALSE
SRM,34,38,Cer 18:1;O2/24:1,SOP,RP,QQQ,LowRes,0.15598556359128318,0.1903455739356762,TRUE,TRUE
hTAG,1,02b,Cer 18:1;O2/16:0,SOP,RP,QQQ,LowRes,0.44596519473078033,0.32090756029275386,FALSE,FALSE
hTAG,2,03,Cer 18:1;O2/16:0,OTHER,RP,QQQ,LowRes,0.4326303463694019,0.26437628712056993,FALSE,FALSE
hTAG,3,04,Cer 18:1;O2/16:0,SOP,RP,QQQ,LowRes,0.37806847908163344,0.3066942193674691,FALSE,FALSE
hTAG,4,05,Cer 18:1;O2/16:0,OTHER,RP,QQQ,LowRes,0.4240925998553787,0.29595183443797224,FALSE,FALSE
hTAG,5,07,Cer 18:1;O2/16:0,OTHER,RP,Orbitrap,HighRes,0.5997174854546203,0.4351754333831931,TRUE,TRUE
hTAG,6,09,Cer 18:1;O2/16:0,OTHER,FIA,QQQ,LowRes,0.35687690133412125,0.2777024897520365,FALSE,FALSE
hTAG,7,10a,Cer 18:1;O2/16:0,SOP,RP,QQQ,LowRes,0.37114613911610866,0.18300807153392265,FALSE,TRUE
hTAG,7,10b,Cer 18:1;O2/16:0,OTHER,RP,QQQ,LowRes,0.3718715128212598,0.21340006792861801,FALSE,FALSE
hTAG,8,12,Cer 18:1;O2/16:0,SOP,RP,QQQ,LowRes,0.3029414514601772,0.31290024357836277,FALSE,FALSE
hTAG,9,13,Cer 18:1;O2/16:0,OTHER,RP,QQQ,LowRes,0.2749113256795983,0.2521894051388579,FALSE,FALSE
hTAG,10,14,Cer 18:1;O2/16:0,SOP,RP,QQQ,LowRes,0.44625566339915107,0.27768580298036355,FALSE,FALSE
hTAG,11,15,Cer 18:1;O2/16:0,SOP,RP,QQQ,LowRes,0.39496328705964806,0.2902270384390738,FALSE,FALSE
hTAG,12,16,Cer 18:1;O2/16:0,OTHER,RP,Orbitrap,HighRes,0.4241964875231734,0.2706958389528862,FALSE,FALSE
hTAG,13,17a,Cer 18:1;O2/16:0,OTHER,RP,TOF,HighRes,0.38997454362783784,0.3529957430457019,FALSE,FALSE
hTAG,14,18a,Cer 18:1;O2/16:0,SOP,RP,QQQ,LowRes,0.4021609380243604,0.2881588513279021,FALSE,FALSE
hTAG,14,18b,Cer 18:1;O2/16:0,SOP,RP,QQQ,LowRes,0.3959533381279027,0.2959483169228335,FALSE,FALSE
hTAG,15,19,Cer 18:1;O2/16:0,SOP,RP,QQQ,LowRes,0.27542768231058,0.3067862503062536,FALSE,FALSE
hTAG,16,20a,Cer 18:1;O2/16:0,SOP,RP,QQQ,LowRes,0.4488054042255436,0.3387139055196966,FALSE,FALSE
hTAG,16,20b,Cer 18:1;O2/16:0,OTHER,RP,QQQ,LowRes,0.4075163203184391,0.30467831906628584,FALSE,FALSE
hTAG,17,21,Cer 18:1;O2/16:0,SOP,RP,QQQ,LowRes,0.4158823376559836,0.5293426770841017,FALSE,TRUE
hTAG,18,22,Cer 18:1;O2/16:0,SOP,RP,QQQ,LowRes,0.37392362488817055,0.2769813247112129,FALSE,FALSE
hTAG,19,23,Cer 18:1;O2/16:0,SOP,RP,QQQ,LowRes,0.41176026081120043,0.30111784592926044,FALSE,FALSE
hTAG,20,24,Cer 18:1;O2/16:0,SOP,RP,QQQ,LowRes,0.46986835903933427,0.2949179873690848,FALSE,FALSE
hTAG,21,25,Cer 18:1;O2/16:0,SOP,RP,QQQ,LowRes,0.4123890910162722,0.31569856315895034,FALSE,FALSE
hTAG,22,26a,Cer 18:1;O2/16:0,OTHER,FIA,Orbitrap,HighRes,0.5565230370421692,0.24008511345825012,TRUE,FALSE
hTAG,22,26b,Cer 18:1;O2/16:0,OTHER,FIA,QQQ,LowRes,0.38831785048648854,0.23286478735131577,FALSE,FALSE
hTAG,23,27,Cer 18:1;O2/16:0,SOP,RP,QQQ,LowRes,0.3497466617682772,0.21782243128299383,FALSE,FALSE
hTAG,24,28,Cer 18:1;O2/16:0,SOP,RP,QQQ,LowRes,0.4616647484107807,0.2604044656865236,FALSE,FALSE
hTAG,25,29a,Cer 18:1;O2/16:0,SOP,RP,TOF,HighRes,0.35706025784399015,0.2772364235521571,FALSE,FALSE
hTAG,25,29b,Cer 18:1;O2/16:0,OTHER,SFC,QQQ,LowRes,0.44421915632618714,0.2748073799963122,FALSE,FALSE
hTAG,26,30,Cer 18:1;O2/16:0,SOP,RP,QQQ,LowRes,0.49679569635698345,0.38777479468454473,FALSE,FALSE
hTAG,27,31,Cer 18:1;O2/16:0,SOP,RP,QQQ,LowRes,0.4624007669374778,0.29038247127902983,FALSE,FALSE
hTAG,28,32,Cer 18:1;O2/16:0,OTHER,RP,TOF,HighRes,0.4141547993060796,0.33444128989718536,FALSE,FALSE
hTAG,29,33,Cer 18:1;O2/16:0,OTHER,RP,QQQ,LowRes,0.45819289274527913,0.31775276090205645,FALSE,FALSE
hTAG,30,34,Cer 18:1;O2/16:0,SOP,RP,QQQ,LowRes,0.42979657733676435,0.2617932531564477,FALSE,FALSE
hTAG,31,35,Cer 18:1;O2/16:0,OTHER,RP,QQQ,LowRes,0.3786754470832153,0.24825666486824755,FALSE,FALSE
hTAG,32,36,Cer 18:1;O2/16:0,SOP,RP,QQQ,LowRes,0.39935908950431553,0.2851372331181307,FALSE,FALSE
hTAG,33,37,Cer 18:1;O2/16:0,OTHER,RP,QQQ,LowRes,0.08694637348036031,0.32101610870227315,TRUE,FALSE
hTAG,34,38,Cer 18:1;O2/16:0,SOP,RP,QQQ,LowRes,0.10410438489454717,0.10770263874962088,TRUE,TRUE
hTAG,1,02b,Cer 18:1;O2/18:0,SOP,RP,QQQ,LowRes,0.06887943394324716,0.10596716282107567,FALSE,FALSE
hTAG,2,03,Cer 18:1;O2/18:0,OTHER,RP,QQQ,LowRes,0.06828825633833424,0.10313627164036959,FALSE,FALSE
hTAG,3,04,Cer 18:1;O2/18:0,SOP,RP,QQQ,LowRes,0.06094981668584108,0.10730487518958169,FALSE,FALSE
hTAG,4,05,Cer 18:1;O2/18:0,OTHER,RP,QQQ,LowRes,0.05736707959291293,0.10694821736733874,FALSE,FALSE
hTAG,5,07,Cer 18:1;O2/18:0,OTHER,RP,Orbitrap,HighRes,0.0702249050383709,0.10686729166231718,FALSE,FALSE
hTAG,6,09,Cer 18:1;O2/18:0,OTHER,FIA,QQQ,LowRes,0.051537888781198186,0.10218313724006141,FALSE,FALSE
hTAG,7,10a,Cer 18:1;O2/18:0,SOP,RP,QQQ,LowRes,0.06324370902029992,0.07195754360591078,FALSE,FALSE
hTAG,7,10b,Cer 18:1;O2/18:0,OTHER,RP,QQQ,LowRes,0.05360686573616035,0.06243544156718765,FALSE,TRUE
hTAG,8,12,Cer 18:1;O2/18:0,SOP,RP,QQQ,LowRes,0.07507587523066775,0.12361751055693224,FALSE,FALSE
hTAG,9,13,Cer 18:1;O2/18:0,OTHER,RP,QQQ,LowRes,0.1108369224052313,0.14822337338930078,TRUE,TRUE
hTAG,10,14,Cer 18:1;O2/18:0,SOP,RP,QQQ,LowRes,0.06711677579598149,0.10287855356940112,FALSE,FALSE
hTAG,11,15,Cer 18:1;O2/18:0,SOP,RP,QQQ,LowRes,0.06491273683793657,0.09879136963460924,FALSE,FALSE
hTAG,12,16,Cer 18:1;O2/18:0,OTHER,RP,Orbitrap,HighRes,0.062172810524631944,0.08877983743639686,FALSE,FALSE
hTAG,13,17a,Cer 18:1;O2/18:0,OTHER,RP,TOF,HighRes,0.08762624286144544,0.14077751284109188,FALSE,TRUE
hTAG,14,18a,Cer 18:1;O2/18:0,SOP,RP,QQQ,LowRes,0.07345847144629464,0.10273141442072459,FALSE,FALSE
hTAG,14,18b,Cer 18:1;O2/18:0,SOP,RP,QQQ,LowRes,0.054513886679088575,0.0978318427627343,FALSE,FALSE
hTAG,15,19,Cer 18:1;O2/18:0,SOP,RP,QQQ,LowRes,0.05411082308111882,0.09687462560574271,FALSE,FALSE
hTAG,16,20a,Cer 18:1;O2/18:0,SOP,RP,QQQ,LowRes,0.06611851984114263,0.09349910670464995,FALSE,FALSE
hTAG,16,20b,Cer 18:1;O2/18:0,OTHER,RP,QQQ,LowRes,0.05919403729156437,0.09199122669007033,FALSE,FALSE
hTAG,17,21,Cer 18:1;O2/18:0,SOP,RP,QQQ,LowRes,0.0658724692873865,0.2002237103034885,FALSE,TRUE
hTAG,18,22,Cer 18:1;O2/18:0,SOP,RP,QQQ,LowRes,0.06288238210588944,0.09935406863544768,FALSE,FALSE
hTAG,19,23,Cer 18:1;O2/18:0,SOP,RP,QQQ,LowRes,0.07726854148578578,0.11293950057857967,FALSE,FALSE
hTAG,20,24,Cer 18:1;O2/18:0,SOP,RP,QQQ,LowRes,0.0860320563192214,0.11063094973066291,FALSE,FALSE
hTAG,21,25,Cer 18:1;O2/18:0,SOP,RP,QQQ,LowRes,0.06119798384289961,0.09970415606110412,FALSE,FALSE
hTAG,22,26a,Cer 18:1;O2/18:0,OTHER,FIA,Orbitrap,HighRes,0.07795181286016208,0.09211452195946954,FALSE,FALSE
hTAG,22,26b,Cer 18:1;O2/18:0,OTHER,FIA,QQQ,LowRes,0.03250477866924778,0.04483206137714254,TRUE,TRUE
hTAG,23,27,Cer 18:1;O2/18:0,SOP,RP,QQQ,LowRes,0.057703604840599144,0.06835259866913702,FALSE,TRUE
hTAG,24,28,Cer 18:1;O2/18:0,SOP,RP,QQQ,LowRes,0.06719334046207821,0.09483828991671178,FALSE,FALSE
hTAG,25,29a,Cer 18:1;O2/18:0,SOP,RP,TOF,HighRes,0.058884372578022315,0.09287770619177473,FALSE,FALSE
hTAG,25,29b,Cer 18:1;O2/18:0,OTHER,SFC,QQQ,LowRes,0.09298131059824367,0.12432223150024325,TRUE,FALSE
hTAG,26,30,Cer 18:1;O2/18:0,SOP,RP,QQQ,LowRes,0.05941264365698296,0.08909536323644175,FALSE,FALSE
hTAG,27,31,Cer 18:1;O2/18:0,SOP,RP,QQQ,LowRes,0.07355762994401985,0.09468549859876842,FALSE,FALSE
hTAG,28,32,Cer 18:1;O2/18:0,OTHER,RP,TOF,HighRes,0.10711095658941983,0.131945055436378,TRUE,TRUE
hTAG,29,33,Cer 18:1;O2/18:0,OTHER,RP,QQQ,LowRes,0.07064828238520718,0.09828406026267722,FALSE,FALSE
hTAG,30,34,Cer 18:1;O2/18:0,SOP,RP,QQQ,LowRes,0.06301780944528419,0.08886731462568387,FALSE,FALSE
hTAG,31,35,Cer 18:1;O2/18:0,OTHER,RP,QQQ,LowRes,0.05524837258159872,0.07787472394271065,FALSE,FALSE
hTAG,32,36,Cer 18:1;O2/18:0,SOP,RP,QQQ,LowRes,0.06506001412425091,0.10276249662220117,FALSE,FALSE
hTAG,33,37,Cer 18:1;O2/18:0,OTHER,RP,QQQ,LowRes,0.0580939439564658,0.1062420939278514,FALSE,FALSE
hTAG,34,38,Cer 18:1;O2/18:0,SOP,RP,QQQ,LowRes,0.01582504262963603,0.033668401803404115,TRUE,TRUE
hTAG,1,02b,Cer 18:1;O2/24:0,SOP,RP,QQQ,LowRes,3.9891115049494554,4.142476286458632,FALSE,FALSE
hTAG,2,03,Cer 18:1;O2/24:0,OTHER,RP,QQQ,LowRes,4.606078458584046,4.057781092055992,FALSE,FALSE
hTAG,3,04,Cer 18:1;O2/24:0,SOP,RP,QQQ,LowRes,4.270599080922695,3.8177327152242,FALSE,FALSE
hTAG,4,05,Cer 18:1;O2/24:0,OTHER,RP,QQQ,LowRes,0.9334094804713728,4.125887436965802,TRUE,FALSE
hTAG,5,07,Cer 18:1;O2/24:0,OTHER,RP,Orbitrap,HighRes,4.199710809283095,4.0051541796797965,FALSE,FALSE
hTAG,6,09,Cer 18:1;O2/24:0,OTHER,FIA,QQQ,LowRes,3.3288316917794476,3.8072647238556665,FALSE,FALSE
hTAG,7,10a,Cer 18:1;O2/24:0,SOP,RP,QQQ,LowRes,4.048688213004557,3.300894298256365,FALSE,FALSE
hTAG,7,10b,Cer 18:1;O2/24:0,OTHER,RP,QQQ,LowRes,3.5095364715715824,2.7611432416765718,FALSE,FALSE
hTAG,8,12,Cer 18:1;O2/24:0,SOP,RP,QQQ,LowRes,3.246439050601851,4.167816592864228,FALSE,FALSE
hTAG,9,13,Cer 18:1;O2/24:0,OTHER,RP,QQQ,LowRes,2.522078162862727,5.237054738450451,FALSE,TRUE
hTAG,10,14,Cer 18:1;O2/24:0,SOP,RP,QQQ,LowRes,4.456467553067405,4.3244275635667115,FALSE,FALSE
hTAG,11,15,Cer 18:1;O2/24:0,SOP,RP,QQQ,LowRes,3.562319945408463,4.737681954467651,FALSE,FALSE
hTAG,12,16,Cer 18:1;O2/24:0,OTHER,RP,Orbitrap,HighRes,4.027841389938928,3.6203275150334564,FALSE,FALSE
hTAG,13,17a,Cer 18:1;O2/24:0,OTHER,RP,TOF,HighRes,4.947739775598109,3.892805687117151,FALSE,FALSE
hTAG,14,18a,Cer 18:1;O2/24:0,SOP,RP,QQQ,LowRes,4.09843887177197,3.6891004622997765,FALSE,FALSE
hTAG,14,18b,Cer 18:1;O2/24:0,SOP,RP,QQQ,LowRes,4.199800416818918,4.3873577936323525,FALSE,FALSE
hTAG,15,19,Cer 18:1;O2/24:0,SOP,RP,QQQ,LowRes,4.083073615649728,3.6769696046631286,FALSE,FALSE
hTAG,16,20a,Cer 18:1;O2/24:0,SOP,RP,QQQ,LowRes,4.3659619324808885,3.7507721284681494,FALSE,FALSE
hTAG,16,20b,Cer 18:1;O2/24:0,OTHER,RP,QQQ,LowRes,3.6558977621685385,3.4512310843169614,FALSE,FALSE
hTAG,17,21,Cer 18:1;O2/24:0,SOP,RP,QQQ,LowRes,4.177925782449871,7.099837668939503,FALSE,TRUE
hTAG,18,22,Cer 18:1;O2/24:0,SOP,RP,QQQ,LowRes,3.8757342398701944,3.617672889328028,FALSE,FALSE
hTAG,19,23,Cer 18:1;O2/24:0,SOP,RP,QQQ,LowRes,4.737692830220966,4.054663499362755,FALSE,FALSE
hTAG,20,24,Cer 18:1;O2/24:0,SOP,RP,QQQ,LowRes,1.2730409221089256,3.9172801052734343,TRUE,FALSE
hTAG,21,25,Cer 18:1;O2/24:0,SOP,RP,QQQ,LowRes,3.968318461573075,3.9858667015491775,FALSE,FALSE
hTAG,22,26a,Cer 18:1;O2/24:0,OTHER,FIA,Orbitrap,HighRes,4.358577168911421,3.509663955267099,FALSE,FALSE
hTAG,22,26b,Cer 18:1;O2/24:0,OTHER,FIA,QQQ,LowRes,4.2982514831192935,3.3257729323085123,FALSE,FALSE
hTAG,23,27,Cer 18:1;O2/24:0,SOP,RP,QQQ,LowRes,3.5186655423551354,3.1500334429498804,FALSE,FALSE
hTAG,24,28,Cer 18:1;O2/24:0,SOP,RP,QQQ,LowRes,4.124512000337745,4.831292181673756,FALSE,FALSE
hTAG,25,29a,Cer 18:1;O2/24:0,SOP,RP,TOF,HighRes,3.8507747469569726,3.5991840851873955,FALSE,FALSE
hTAG,25,29b,Cer 18:1;O2/24:0,OTHER,SFC,QQQ,LowRes,4.270294029835074,3.8497852250509843,FALSE,FALSE
hTAG,26,30,Cer 18:1;O2/24:0,SOP,RP,QQQ,LowRes,3.0266481191406673,3.045553323847671,FALSE,FALSE
hTAG,27,31,Cer 18:1;O2/24:0,SOP,RP,QQQ,LowRes,6.246773544898437,3.9979438431190277,TRUE,FALSE
hTAG,28,32,Cer 18:1;O2/24:0,OTHER,RP,TOF,HighRes,3.579652015702945,3.0109864560753814,FALSE,FALSE
hTAG,29,33,Cer 18:1;O2/24:0,OTHER,RP,QQQ,LowRes,4.032790780773823,3.712893796800812,FALSE,FALSE
hTAG,30,34,Cer 18:1;O2/24:0,SOP,RP,QQQ,LowRes,4.1401370465565455,3.3639962758501554,FALSE,FALSE
hTAG,31,35,Cer 18:1;O2/24:0,OTHER,RP,QQQ,LowRes,3.183580331209979,3.110910396594474,FALSE,FALSE
hTAG,32,36,Cer 18:1;O2/24:0,SOP,RP,QQQ,LowRes,4.178339696007842,3.9752721151126718,FALSE,FALSE
hTAG,33,37,Cer 18:1;O2/24:0,OTHER,RP,QQQ,LowRes,2.933610274775062,3.733371436963769,FALSE,FALSE
hTAG,34,38,Cer 18:1;O2/24:0,SOP,RP,QQQ,LowRes,0.9206451407630515,1.0948916737283438,TRUE,TRUE
hTAG,1,02b,Cer 18:1;O2/24:1,SOP,RP,QQQ,LowRes,1.266140814224371,1.385492043660739,FALSE,FALSE
hTAG,2,03,Cer 18:1;O2/24:1,OTHER,RP,QQQ,LowRes,1.3713018425403536,1.3767292510537943,FALSE,FALSE
hTAG,3,04,Cer 18:1;O2/24:1,SOP,RP,QQQ,LowRes,1.3028601703312712,1.2554859346020952,FALSE,FALSE
hTAG,4,05,Cer 18:1;O2/24:1,OTHER,RP,QQQ,LowRes,0.3673347040559281,1.3495433131587045,TRUE,FALSE
hTAG,5,07,Cer 18:1;O2/24:1,OTHER,RP,Orbitrap,HighRes,1.4627481097520894,1.425580018578282,FALSE,FALSE
hTAG,6,09,Cer 18:1;O2/24:1,OTHER,FIA,QQQ,LowRes,1.053930975219762,1.3014186106611536,FALSE,FALSE
hTAG,7,10a,Cer 18:1;O2/24:1,SOP,RP,QQQ,LowRes,1.5019257607044563,1.978280678557955,FALSE,TRUE
hTAG,7,10b,Cer 18:1;O2/24:1,OTHER,RP,QQQ,LowRes,1.0389944268976183,0.8019309924961919,FALSE,TRUE
hTAG,8,12,Cer 18:1;O2/24:1,SOP,RP,QQQ,LowRes,0.9895548325868355,1.3517837703549564,FALSE,FALSE
hTAG,9,13,Cer 18:1;O2/24:1,OTHER,RP,QQQ,LowRes,0.6289681668565377,1.8489333587680252,FALSE,TRUE
hTAG,10,14,Cer 18:1;O2/24:1,SOP,RP,QQQ,LowRes,1.3449180630994355,1.3536184683059151,FALSE,FALSE
hTAG,11,15,Cer 18:1;O2/24:1,SOP,RP,QQQ,LowRes,1.142906637504443,1.6251769953505815,FALSE,FALSE
hTAG,12,16,Cer 18:1;O2/24:1,OTHER,RP,Orbitrap,HighRes,0.5842871568437075,1.0049386722855385,FALSE,FALSE
hTAG,13,17a,Cer 18:1;O2/24:1,OTHER,RP,TOF,HighRes,2.1750098493420165,1.6322425904078741,TRUE,FALSE
hTAG,14,18a,Cer 18:1;O2/24:1,SOP,RP,QQQ,LowRes,1.4179276211486134,1.2326431521490873,FALSE,FALSE
hTAG,14,18b,Cer 18:1;O2/24:1,SOP,RP,QQQ,LowRes,1.394788051215341,1.3695435199928954,FALSE,FALSE
hTAG,15,19,Cer 18:1;O2/24:1,SOP,RP,QQQ,LowRes,1.1054170419290728,1.216060876375924,FALSE,FALSE
hTAG,16,20a,Cer 18:1;O2/24:1,SOP,RP,QQQ,LowRes,1.376508559638186,1.2489840736203768,FALSE,FALSE
hTAG,16,20b,Cer 18:1;O2/24:1,OTHER,RP,QQQ,LowRes,1.2004093476469895,1.18626039990209,FALSE,FALSE
hTAG,17,21,Cer 18:1;O2/24:1,SOP,RP,QQQ,LowRes,1.278157898144226,2.418350606603363,FALSE,TRUE
hTAG,18,22,Cer 18:1;O2/24:1,SOP,RP,QQQ,LowRes,1.2126648430561646,1.2165162949736628,FALSE,FALSE
hTAG,19,23,Cer 18:1;O2/24:1,SOP,RP,QQQ,LowRes,1.3935683233887675,1.2832098811119947,FALSE,FALSE
hTAG,20,24,Cer 18:1;O2/24:1,SOP,RP,QQQ,LowRes,0.36818540832597035,1.270114302380823,TRUE,FALSE
hTAG,21,25,Cer 18:1;O2/24:1,SOP,RP,QQQ,LowRes,1.1989447788494336,1.3426727921247692,FALSE,FALSE
hTAG,22,26a,Cer 18:1;O2/24:1,OTHER,FIA,Orbitrap,HighRes,1.509414314742884,1.2492257494457608,FALSE,FALSE
hTAG,22,26b,Cer 18:1;O2/24:1,OTHER,FIA,QQQ,LowRes,1.4060198712974448,1.1531932946797043,FALSE,FALSE
hTAG,23,27,Cer 18:1;O2/24:1,SOP,RP,QQQ,LowRes,1.0509848434663007,0.9565220935686433,FALSE,FALSE
hTAG,24,28,Cer 18:1;O2/24:1,SOP,RP,QQQ,LowRes,1.2337244386606272,1.4852199062709763,FALSE,FALSE
hTAG,25,29a,Cer 18:1;O2/24:1,SOP,RP,TOF,HighRes,1.202215319814382,1.1719001006108305,FALSE,FALSE
hTAG,25,29b,Cer 18:1;O2/24:1,OTHER,SFC,QQQ,LowRes,1.9508369798676604,1.8235898816058365,TRUE,TRUE
hTAG,26,30,Cer 18:1;O2/24:1,SOP,RP,QQQ,LowRes,1.1939164770985875,1.1514479364877424,FALSE,FALSE
hTAG,27,31,Cer 18:1;O2/24:1,SOP,RP,QQQ,LowRes,1.484021336795911,1.2605642251371711,FALSE,FALSE
hTAG,28,32,Cer 18:1;O2/24:1,OTHER,RP,TOF,HighRes,1.6353311543345068,1.4763770037188602,FALSE,FALSE
hTAG,29,33,Cer 18:1;O2/24:1,OTHER,RP,QQQ,LowRes,1.216951184950426,1.1861872524672814,FALSE,FALSE
hTAG,30,34,Cer 18:1;O2/24:1,SOP,RP,QQQ,LowRes,1.2247516330636588,1.1198056891445831,FALSE,FALSE
hTAG,31,35,Cer 18:1;O2/24:1,OTHER,RP,QQQ,LowRes,1.006499639465967,1.0104636046396978,FALSE,FALSE
hTAG,32,36,Cer 18:1;O2/24:1,SOP,RP,QQQ,LowRes,1.2479984471326713,1.3199666373139163,FALSE,FALSE
hTAG,33,37,Cer 18:1;O2/24:1,OTHER,RP,QQQ,LowRes,0.8259471578925447,1.2168983530143147,FALSE,FALSE
hTAG,34,38,Cer 18:1;O2/24:1,SOP,RP,QQQ,LowRes,0.2894498169453926,0.3685226940399631,TRUE,TRUE
DB,1,02b,Cer 18:1;O2/16:0,SOP,RP,QQQ,LowRes,0.3470913436032764,0.24947589150439028,FALSE,FALSE
DB,2,03,Cer 18:1;O2/16:0,OTHER,RP,QQQ,LowRes,0.3297754131180103,0.20079339486986744,FALSE,FALSE
DB,3,04,Cer 18:1;O2/16:0,SOP,RP,QQQ,LowRes,0.2956566490853941,0.23975791058610355,FALSE,FALSE
DB,4,05,Cer 18:1;O2/16:0,OTHER,RP,QQQ,LowRes,0.3305645036072281,0.22792889461123733,FALSE,FALSE
DB,5,07,Cer 18:1;O2/16:0,OTHER,RP,Orbitrap,HighRes,0.47430307766821744,0.3421434365456918,TRUE,TRUE
DB,6,09,Cer 18:1;O2/16:0,OTHER,FIA,QQQ,LowRes,0.273199015960658,0.21123185254146276,FALSE,FALSE
DB,7,10a,Cer 18:1;O2/16:0,SOP,RP,QQQ,LowRes,0.3233937899514032,0.15537362643122699,FALSE,FALSE
DB,7,10b,Cer 18:1;O2/16:0,OTHER,RP,QQQ,LowRes,0.2913380712338256,0.1613760054608338,FALSE,FALSE
DB,8,12,Cer 18:1;O2/16:0,SOP,RP,QQQ,LowRes,0.22666660384499962,0.23414263354806522,FALSE,FALSE
DB,9,13,Cer 18:1;O2/16:0,OTHER,RP,QQQ,LowRes,0.20354262951959412,0.17307899494802867,TRUE,FALSE
DB,10,14,Cer 18:1;O2/16:0,SOP,RP,QQQ,LowRes,0.3413916475075873,0.2118567726016483,FALSE,FALSE
DB,11,15,Cer 18:1;O2/16:0,SOP,RP,QQQ,LowRes,0.3033518206050813,0.2226060215977003,FALSE,FALSE
DB,12,16,Cer 18:1;O2/16:0,OTHER,RP,Orbitrap,HighRes,0.32244658618167904,0.20636462258554125,FALSE,FALSE
DB,13,17a,Cer 18:1;O2/16:0,OTHER,RP,TOF,HighRes,0.27194987870148657,0.24541485851432557,FALSE,FALSE
DB,14,18a,Cer 18:1;O2/16:0,SOP,RP,QQQ,LowRes,0.2988226182986688,0.2134347313315289,FALSE,FALSE
DB,14,18b,Cer 18:1;O2/16:0,SOP,RP,QQQ,LowRes,0.29847889962627827,0.2218976356522303,FALSE,FALSE
DB,15,19,Cer 18:1;O2/16:0,SOP,RP,QQQ,LowRes,0.22614567096532795,0.24967723520857635,FALSE,FALSE
DB,16,20a,Cer 18:1;O2/16:0,SOP,RP,QQQ,LowRes,0.29839259426594134,0.22412270236053553,FALSE,FALSE
DB,16,20b,Cer 18:1;O2/16:0,OTHER,RP,QQQ,LowRes,0.30731167273007864,0.22748962404216017,FALSE,FALSE
DB,17,21,Cer 18:1;O2/16:0,SOP,RP,QQQ,LowRes,0.335666933673863,0.42639566408193624,FALSE,TRUE
DB,18,22,Cer 18:1;O2/16:0,SOP,RP,QQQ,LowRes,0.2881160057821026,0.21324489629440008,FALSE,FALSE
DB,19,23,Cer 18:1;O2/16:0,SOP,RP,QQQ,LowRes,0.31314615968174375,0.2298680634538034,FALSE,FALSE
DB,20,24,Cer 18:1;O2/16:0,SOP,RP,QQQ,LowRes,0.34446746081739804,0.2155067415402352,FALSE,FALSE
DB,21,25,Cer 18:1;O2/16:0,SOP,RP,QQQ,LowRes,0.3139608799535959,0.24027412314480104,FALSE,FALSE
DB,22,26a,Cer 18:1;O2/16:0,OTHER,FIA,Orbitrap,HighRes,0.594658161041182,0.2578133380599632,TRUE,FALSE
DB,22,26b,Cer 18:1;O2/16:0,OTHER,FIA,QQQ,LowRes,0.29281394156028867,0.1747960242887291,FALSE,FALSE
DB,23,27,Cer 18:1;O2/16:0,SOP,RP,QQQ,LowRes,0.2668205078975115,0.16022476618350565,FALSE,FALSE
DB,24,28,Cer 18:1;O2/16:0,SOP,RP,QQQ,LowRes,0.33470393342438587,0.16351551202744843,FALSE,FALSE
DB,25,29a,Cer 18:1;O2/16:0,SOP,RP,TOF,HighRes,0.2696273072104982,0.20881140337393395,FALSE,FALSE
DB,25,29b,Cer 18:1;O2/16:0,OTHER,SFC,QQQ,LowRes,0.34612029470997674,0.2139312827771054,FALSE,FALSE
DB,26,30,Cer 18:1;O2/16:0,SOP,RP,QQQ,LowRes,0.36586167624606875,0.28542269617212634,FALSE,FALSE
DB,27,31,Cer 18:1;O2/16:0,SOP,RP,QQQ,LowRes,0.36411757976704395,0.22779787177386343,FALSE,FALSE
DB,28,32,Cer 18:1;O2/16:0,OTHER,RP,TOF,HighRes,0.43798489797061807,0.3541920285259994,TRUE,TRUE
DB,29,33,Cer 18:1;O2/16:0,OTHER,RP,QQQ,LowRes,0.36184537053755034,0.2507002256892671,FALSE,FALSE
DB,30,34,Cer 18:1;O2/16:0,SOP,RP,QQQ,LowRes,0.3162634166029507,0.19207602858906056,FALSE,FALSE
DB,31,35,Cer 18:1;O2/16:0,OTHER,RP,QQQ,LowRes,0.29296586275667746,0.1856952754627287,FALSE,FALSE
DB,32,36,Cer 18:1;O2/16:0,SOP,RP,QQQ,LowRes,0.29933740620274957,0.2135017822035175,FALSE,FALSE
DB,33,37,Cer 18:1;O2/16:0,OTHER,RP,QQQ,LowRes,0.06874310479274665,0.2529399334720916,TRUE,FALSE
DB,34,38,Cer 18:1;O2/16:0,SOP,RP,QQQ,LowRes,0.05558116672336145,0.05815840651964716,TRUE,TRUE
DB,1,02b,Cer 18:1;O2/18:0,SOP,RP,QQQ,LowRes,0.06667850870993243,0.10256009357660724,FALSE,FALSE
DB,2,03,Cer 18:1;O2/18:0,OTHER,RP,QQQ,LowRes,0.0629941503927317,0.09510494476502748,FALSE,FALSE
DB,3,04,Cer 18:1;O2/18:0,SOP,RP,QQQ,LowRes,0.05977917005773373,0.10524200931154025,FALSE,FALSE
DB,4,05,Cer 18:1;O2/18:0,OTHER,RP,QQQ,LowRes,0.0614479045400723,0.1146950586847145,FALSE,FALSE
DB,5,07,Cer 18:1;O2/18:0,OTHER,RP,Orbitrap,HighRes,0.06884161457237795,0.10468873801686089,FALSE,FALSE
DB,6,09,Cer 18:1;O2/18:0,OTHER,FIA,QQQ,LowRes,0.05259068237966406,0.10438821548923634,FALSE,FALSE
DB,7,10a,Cer 18:1;O2/18:0,SOP,RP,QQQ,LowRes,0.06569604266214184,0.07518063576717711,FALSE,FALSE
DB,7,10b,Cer 18:1;O2/18:0,OTHER,RP,QQQ,LowRes,0.05502366597803581,0.06429078414575343,FALSE,TRUE
DB,8,12,Cer 18:1;O2/18:0,SOP,RP,QQQ,LowRes,0.07217766353575752,0.11884027061715095,FALSE,FALSE
DB,9,13,Cer 18:1;O2/18:0,OTHER,RP,QQQ,LowRes,0.10447716517005919,0.1392838254396257,TRUE,TRUE
DB,10,14,Cer 18:1;O2/18:0,SOP,RP,QQQ,LowRes,0.06431160787366005,0.09851669615438378,FALSE,FALSE
DB,11,15,Cer 18:1;O2/18:0,SOP,RP,QQQ,LowRes,0.06538237144415848,0.09950621764125483,FALSE,FALSE
DB,12,16,Cer 18:1;O2/18:0,OTHER,RP,Orbitrap,HighRes,0.06130204958350414,0.0875871608967227,FALSE,FALSE
DB,13,17a,Cer 18:1;O2/18:0,OTHER,RP,TOF,HighRes,0.08078878580944684,0.12969267507420693,FALSE,TRUE
DB,14,18a,Cer 18:1;O2/18:0,SOP,RP,QQQ,LowRes,0.06800001437708127,0.0949768455165016,FALSE,FALSE
DB,14,18b,Cer 18:1;O2/18:0,SOP,RP,QQQ,LowRes,0.052853876927583046,0.09477276266015704,FALSE,FALSE
DB,15,19,Cer 18:1;O2/18:0,SOP,RP,QQQ,LowRes,0.054630273553851125,0.09787828483899565,FALSE,FALSE
DB,16,20a,Cer 18:1;O2/18:0,SOP,RP,QQQ,LowRes,0.0596141990137654,0.08425862512897982,FALSE,FALSE
DB,16,20b,Cer 18:1;O2/18:0,OTHER,RP,QQQ,LowRes,0.05751814108371299,0.08927521890207164,FALSE,FALSE
DB,17,21,Cer 18:1;O2/18:0,SOP,RP,QQQ,LowRes,0.06915894276369171,0.21031301795419644,FALSE,TRUE
DB,18,22,Cer 18:1;O2/18:0,SOP,RP,QQQ,LowRes,0.06208650639868659,0.0980911560886934,FALSE,FALSE
DB,19,23,Cer 18:1;O2/18:0,SOP,RP,QQQ,LowRes,0.07103185400016704,0.10414424046443735,FALSE,FALSE
DB,20,24,Cer 18:1;O2/18:0,SOP,RP,QQQ,LowRes,0.07823267708664033,0.10043942506826085,FALSE,FALSE
DB,21,25,Cer 18:1;O2/18:0,SOP,RP,QQQ,LowRes,0.05958749724630344,0.09708529054790513,FALSE,FALSE
DB,22,26a,Cer 18:1;O2/18:0,OTHER,FIA,Orbitrap,HighRes,0.0994589711084898,0.12030971858548761,TRUE,FALSE
DB,22,26b,Cer 18:1;O2/18:0,OTHER,FIA,QQQ,LowRes,0.04196541681352381,0.05822610939002651,FALSE,TRUE
DB,23,27,Cer 18:1;O2/18:0,SOP,RP,QQQ,LowRes,0.05777401177781834,0.06844946303110422,FALSE,FALSE
DB,24,28,Cer 18:1;O2/18:0,SOP,RP,QQQ,LowRes,0.06497001855191813,0.09135620553428643,FALSE,FALSE
DB,25,29a,Cer 18:1;O2/18:0,SOP,RP,TOF,HighRes,0.05757860800058646,0.09080209393019632,FALSE,FALSE
DB,25,29b,Cer 18:1;O2/18:0,OTHER,SFC,QQQ,LowRes,0.0803569522609298,0.10699103184960139,FALSE,FALSE
DB,26,30,Cer 18:1;O2/18:0,SOP,RP,QQQ,LowRes,0.0597581652375682,0.08960629963736583,FALSE,FALSE
DB,27,31,Cer 18:1;O2/18:0,SOP,RP,QQQ,LowRes,0.07192543667642094,0.09251635747198377,FALSE,FALSE
DB,28,32,Cer 18:1;O2/18:0,OTHER,RP,TOF,HighRes,0.12849015158598204,0.15681623156349284,TRUE,TRUE
DB,29,33,Cer 18:1;O2/18:0,OTHER,RP,QQQ,LowRes,0.0740475491511412,0.1030159592323911,FALSE,FALSE
DB,30,34,Cer 18:1;O2/18:0,SOP,RP,QQQ,LowRes,0.06017877685376332,0.08484003467506214,FALSE,FALSE
DB,31,35,Cer 18:1;O2/18:0,OTHER,RP,QQQ,LowRes,0.05581148542519486,0.07878346575915339,FALSE,FALSE
DB,32,36,Cer 18:1;O2/18:0,SOP,RP,QQQ,LowRes,0.06013277925851429,0.09488231952278392,FALSE,FALSE
DB,33,37,Cer 18:1;O2/18:0,OTHER,RP,QQQ,LowRes,0.05519891640600147,0.10085402959414608,FALSE,FALSE
DB,34,38,Cer 18:1;O2/18:0,SOP,RP,QQQ,LowRes,0.011287545321276854,0.023843178170614703,TRUE,TRUE
DB,1,02b,Cer 18:1;O2/24:0,SOP,RP,QQQ,LowRes,2.6182214383645337,2.7119251351024545,FALSE,FALSE
DB,2,03,Cer 18:1;O2/24:0,OTHER,RP,QQQ,LowRes,2.85012051119196,2.507724866967081,FALSE,FALSE
DB,3,04,Cer 18:1;O2/24:0,SOP,RP,QQQ,LowRes,2.826418735800721,2.5275593003568346,FALSE,FALSE
DB,4,05,Cer 18:1;O2/24:0,OTHER,RP,QQQ,LowRes,0.595804559515744,2.628432653694995,TRUE,FALSE
DB,5,07,Cer 18:1;O2/24:0,OTHER,RP,Orbitrap,HighRes,2.717840616288244,2.5776114128302035,FALSE,FALSE
DB,6,09,Cer 18:1;O2/24:0,OTHER,FIA,QQQ,LowRes,2.2083397189842446,2.5185438718837667,FALSE,FALSE
DB,7,10a,Cer 18:1;O2/24:0,SOP,RP,QQQ,LowRes,2.248532947962904,1.78639256230813,FALSE,FALSE
DB,7,10b,Cer 18:1;O2/24:0,OTHER,RP,QQQ,LowRes,2.2726525220704277,1.7622790289447687,FALSE,FALSE
DB,8,12,Cer 18:1;O2/24:0,SOP,RP,QQQ,LowRes,2.0598295777855378,2.6451090467434923,FALSE,FALSE
DB,9,13,Cer 18:1;O2/24:0,OTHER,RP,QQQ,LowRes,1.8127788407477379,3.7379779233894443,FALSE,TRUE
DB,10,14,Cer 18:1;O2/24:0,SOP,RP,QQQ,LowRes,2.884477138235641,2.7906514837280323,FALSE,FALSE
DB,11,15,Cer 18:1;O2/24:0,SOP,RP,QQQ,LowRes,2.278899550500565,3.023967006199831,FALSE,FALSE
DB,12,16,Cer 18:1;O2/24:0,OTHER,RP,Orbitrap,HighRes,2.509471900408328,2.261124926838763,FALSE,FALSE
DB,13,17a,Cer 18:1;O2/24:0,OTHER,RP,TOF,HighRes,2.825342612592465,2.234912502409924,FALSE,FALSE
DB,14,18a,Cer 18:1;O2/24:0,SOP,RP,QQQ,LowRes,2.4861053527785795,2.2371440629455948,FALSE,FALSE
DB,14,18b,Cer 18:1;O2/24:0,SOP,RP,QQQ,LowRes,2.575512943130849,2.6725957661589588,FALSE,FALSE
DB,15,19,Cer 18:1;O2/24:0,SOP,RP,QQQ,LowRes,2.5827086152712684,2.322160814760145,FALSE,FALSE
DB,16,20a,Cer 18:1;O2/24:0,SOP,RP,QQQ,LowRes,2.5071319968635803,2.1536738716011374,FALSE,FALSE
DB,16,20b,Cer 18:1;O2/24:0,OTHER,RP,QQQ,LowRes,2.4585459569082677,2.3140375759208416,FALSE,FALSE
DB,17,21,Cer 18:1;O2/24:0,SOP,RP,QQQ,LowRes,2.8822568803907425,4.898042248175299,FALSE,TRUE
DB,18,22,Cer 18:1;O2/24:0,SOP,RP,QQQ,LowRes,2.5862379723114874,2.415046807019973,FALSE,FALSE
DB,19,23,Cer 18:1;O2/24:0,SOP,RP,QQQ,LowRes,2.8476467691750953,2.454069931722546,FALSE,FALSE
DB,20,24,Cer 18:1;O2/24:0,SOP,RP,QQQ,LowRes,0.7715988923357455,2.3699435640489623,TRUE,FALSE
DB,21,25,Cer 18:1;O2/24:0,SOP,RP,QQQ,LowRes,2.5494406093351127,2.555510138392063,FALSE,FALSE
DB,22,26a,Cer 18:1;O2/24:0,OTHER,FIA,Orbitrap,HighRes,2.9281702243649717,2.334862695055068,FALSE,FALSE
DB,22,26b,Cer 18:1;O2/24:0,OTHER,FIA,QQQ,LowRes,2.7499918825649172,2.0974916968828947,FALSE,FALSE
DB,23,27,Cer 18:1;O2/24:0,SOP,RP,QQQ,LowRes,2.319142532800648,2.052976249646905,FALSE,FALSE
DB,24,28,Cer 18:1;O2/24:0,SOP,RP,QQQ,LowRes,2.627711307912926,3.0517736186038165,FALSE,FALSE
DB,25,29a,Cer 18:1;O2/24:0,SOP,RP,TOF,HighRes,2.5315181306484984,2.3620238520834524,FALSE,FALSE
DB,25,29b,Cer 18:1;O2/24:0,OTHER,SFC,QQQ,LowRes,2.6663834776805775,2.4079131119979436,FALSE,FALSE
DB,26,30,Cer 18:1;O2/24:0,SOP,RP,QQQ,LowRes,2.0559687828256,2.0711201334547797,FALSE,FALSE
DB,27,31,Cer 18:1;O2/24:0,SOP,RP,QQQ,LowRes,4.0115613877385234,2.5494278378820137,TRUE,FALSE
DB,28,32,Cer 18:1;O2/24:0,OTHER,RP,TOF,HighRes,2.9166255825818745,2.4537662824969244,FALSE,FALSE
DB,29,33,Cer 18:1;O2/24:0,OTHER,RP,QQQ,LowRes,2.7089570430507006,2.494721201947449,FALSE,FALSE
DB,30,34,Cer 18:1;O2/24:0,SOP,RP,QQQ,LowRes,2.6534165488911636,2.1412331027561677,FALSE,FALSE
DB,31,35,Cer 18:1;O2/24:0,OTHER,RP,QQQ,LowRes,2.1303713722322035,2.0512816824302544,FALSE,FALSE
DB,32,36,Cer 18:1;O2/24:0,SOP,RP,QQQ,LowRes,2.570771260153198,2.44278866603343,FALSE,FALSE
DB,33,37,Cer 18:1;O2/24:0,OTHER,RP,QQQ,LowRes,1.9350163202876454,2.463728211246724,FALSE,FALSE
DB,34,38,Cer 18:1;O2/24:0,SOP,RP,QQQ,LowRes,0.482904964091726,0.5664508069231424,TRUE,TRUE
DB,1,02b,Cer 18:1;O2/24:1,SOP,RP,QQQ,LowRes,0.8967924477945084,0.9786608071625409,FALSE,FALSE
DB,2,03,Cer 18:1;O2/24:1,OTHER,RP,QQQ,LowRes,0.8695393134769501,0.8757089465832913,FALSE,FALSE
DB,3,04,Cer 18:1;O2/24:1,SOP,RP,QQQ,LowRes,0.9249333199594257,0.8933981697678489,FALSE,FALSE
DB,4,05,Cer 18:1;O2/24:1,OTHER,RP,QQQ,LowRes,0.24889409226282527,0.9117345261829763,TRUE,FALSE
DB,5,07,Cer 18:1;O2/24:1,OTHER,RP,Orbitrap,HighRes,1.0217208067951922,0.9850307137621557,FALSE,FALSE
DB,6,09,Cer 18:1;O2/24:1,OTHER,FIA,QQQ,LowRes,0.7645669358055007,0.9390010869878835,FALSE,FALSE
DB,7,10a,Cer 18:1;O2/24:1,SOP,RP,QQQ,LowRes,0.5551372528184545,0.6868426042345452,FALSE,FALSE
DB,7,10b,Cer 18:1;O2/24:1,OTHER,RP,QQQ,LowRes,0.6803612888797683,0.5026451784141901,FALSE,TRUE
DB,8,12,Cer 18:1;O2/24:1,SOP,RP,QQQ,LowRes,0.6930887034185624,0.9475632816922974,FALSE,FALSE
DB,9,13,Cer 18:1;O2/24:1,OTHER,RP,QQQ,LowRes,0.45850292459048003,1.3238107242390367,FALSE,TRUE
DB,10,14,Cer 18:1;O2/24:1,SOP,RP,QQQ,LowRes,0.9427873163273355,0.9437175412689883,FALSE,FALSE
DB,11,15,Cer 18:1;O2/24:1,SOP,RP,QQQ,LowRes,0.7747544865235445,1.0974158999533805,FALSE,FALSE
DB,12,16,Cer 18:1;O2/24:1,OTHER,RP,Orbitrap,HighRes,0.49348777153501966,0.8542739732453177,FALSE,FALSE
DB,13,17a,Cer 18:1;O2/24:1,OTHER,RP,TOF,HighRes,1.251984634390119,0.9520082374253995,FALSE,FALSE
DB,14,18a,Cer 18:1;O2/24:1,SOP,RP,QQQ,LowRes,0.9537158440967793,0.8289140129716204,FALSE,FALSE
DB,14,18b,Cer 18:1;O2/24:1,SOP,RP,QQQ,LowRes,0.9346358717345319,0.9064000605963995,FALSE,FALSE
DB,15,19,Cer 18:1;O2/24:1,SOP,RP,QQQ,LowRes,0.6890370741930375,0.7602089922880528,FALSE,FALSE
DB,16,20a,Cer 18:1;O2/24:1,SOP,RP,QQQ,LowRes,0.8233147188935233,0.7548829688301899,FALSE,FALSE
DB,16,20b,Cer 18:1;O2/24:1,OTHER,RP,QQQ,LowRes,0.8557564497750986,0.8455428496802697,FALSE,FALSE
DB,17,21,Cer 18:1;O2/24:1,SOP,RP,QQQ,LowRes,0.9300632847849559,1.762837436873494,FALSE,TRUE
DB,18,22,Cer 18:1;O2/24:1,SOP,RP,QQQ,LowRes,0.8331182315192496,0.8366363178338128,FALSE,FALSE
DB,19,23,Cer 18:1;O2/24:1,SOP,RP,QQQ,LowRes,1.0781605018349953,1.0030762767946426,FALSE,FALSE
DB,20,24,Cer 18:1;O2/24:1,SOP,RP,QQQ,LowRes,0.24738152264301572,0.8507494202085482,TRUE,FALSE
DB,21,25,Cer 18:1;O2/24:1,SOP,RP,QQQ,LowRes,0.8255057958893031,0.9041654724971331,FALSE,FALSE
DB,22,26a,Cer 18:1;O2/24:1,OTHER,FIA,Orbitrap,HighRes,1.0999874979039177,0.892588838316542,FALSE,FALSE
DB,22,26b,Cer 18:1;O2/24:1,OTHER,FIA,QQQ,LowRes,0.9379510931608621,0.747678358857209,FALSE,FALSE
DB,23,27,Cer 18:1;O2/24:1,SOP,RP,QQQ,LowRes,0.734027080268989,0.6503439388050237,FALSE,FALSE
DB,24,28,Cer 18:1;O2/24:1,SOP,RP,QQQ,LowRes,0.852635079056335,1.0124537083278933,FALSE,FALSE
DB,25,29a,Cer 18:1;O2/24:1,SOP,RP,TOF,HighRes,0.8581075253760528,0.8353777437057496,FALSE,FALSE
DB,25,29b,Cer 18:1;O2/24:1,OTHER,SFC,QQQ,LowRes,1.2479520551315784,1.1710793428095259,FALSE,TRUE
DB,26,30,Cer 18:1;O2/24:1,SOP,RP,QQQ,LowRes,0.8515649731120049,0.8239173704754134,FALSE,FALSE
DB,27,31,Cer 18:1;O2/24:1,SOP,RP,QQQ,LowRes,1.0492587287753357,0.8839107788272393,FALSE,FALSE
DB,28,32,Cer 18:1;O2/24:1,OTHER,RP,TOF,HighRes,1.3681576427068554,1.23602928953874,TRUE,TRUE
DB,29,33,Cer 18:1;O2/24:1,OTHER,RP,QQQ,LowRes,0.8853904123658356,0.8662642189929819,FALSE,FALSE
DB,30,34,Cer 18:1;O2/24:1,SOP,RP,QQQ,LowRes,0.8477371284352967,0.7719403889375215,FALSE,FALSE
DB,31,35,Cer 18:1;O2/24:1,OTHER,RP,QQQ,LowRes,0.714684151459667,0.6905357072505772,FALSE,FALSE
DB,32,36,Cer 18:1;O2/24:1,SOP,RP,QQQ,LowRes,0.8484701444661341,0.8232814216230275,FALSE,FALSE
DB,33,37,Cer 18:1;O2/24:1,OTHER,RP,QQQ,LowRes,0.5653137195976727,0.8337467902849633,FALSE,FALSE
DB,34,38,Cer 18:1;O2/24:1,SOP,RP,QQQ,LowRes,0.16248624817576957,0.19902410192246955,TRUE,TRUE
YAA,1,02b,Cer 18:1;O2/16:0,SOP,RP,QQQ,LowRes,0.24842609688598377,0.17819492951027088,FALSE,FALSE
YAA,2,03,Cer 18:1;O2/16:0,OTHER,RP,QQQ,LowRes,0.18201404049192627,0.10945022699733284,FALSE,FALSE
YAA,3,04,Cer 18:1;O2/16:0,SOP,RP,QQQ,LowRes,0.195383956735517,0.1583147015495305,FALSE,FALSE
YAA,4,05,Cer 18:1;O2/16:0,OTHER,RP,QQQ,LowRes,0.23634317310572606,0.15940176584242832,FALSE,FALSE
YAA,5,07,Cer 18:1;O2/16:0,OTHER,RP,Orbitrap,HighRes,0.3250252352550795,0.23140962207885252,TRUE,TRUE
YAA,6,09,Cer 18:1;O2/16:0,OTHER,FIA,QQQ,LowRes,0.21468846737661115,0.16475322284660654,FALSE,FALSE
YAA,7,10a,Cer 18:1;O2/16:0,SOP,RP,QQQ,LowRes,0.23457779275492746,0.10397551007256092,FALSE,FALSE
YAA,7,10b,Cer 18:1;O2/16:0,OTHER,RP,QQQ,LowRes,0.2042248996959827,0.10510148162924984,FALSE,FALSE
YAA,8,12,Cer 18:1;O2/16:0,SOP,RP,QQQ,LowRes,0.16512725209171927,0.17060016288519708,FALSE,FALSE
YAA,9,13,Cer 18:1;O2/16:0,OTHER,RP,QQQ,LowRes,0.150467055616873,0.114246052096664,FALSE,FALSE
YAA,10,14,Cer 18:1;O2/16:0,SOP,RP,QQQ,LowRes,0.23255285105155193,0.14353254929805112,FALSE,FALSE
YAA,11,15,Cer 18:1;O2/16:0,SOP,RP,QQQ,LowRes,0.21056226335759393,0.1541154225912136,FALSE,FALSE
YAA,12,16,Cer 18:1;O2/16:0,OTHER,RP,Orbitrap,HighRes,0.21502183938228156,0.13844549403164438,FALSE,FALSE
YAA,13,17a,Cer 18:1;O2/16:0,OTHER,RP,TOF,HighRes,0.18515161315186013,0.16629720806859014,FALSE,FALSE
YAA,14,18a,Cer 18:1;O2/16:0,SOP,RP,QQQ,LowRes,0.21035866834896422,0.1494662941734451,FALSE,FALSE
YAA,14,18b,Cer 18:1;O2/16:0,SOP,RP,QQQ,LowRes,0.21352243091110912,0.15735677259716252,FALSE,FALSE
YAA,15,19,Cer 18:1;O2/16:0,SOP,RP,QQQ,LowRes,0.14723879325189354,0.1582383116005762,FALSE,FALSE
YAA,16,20a,Cer 18:1;O2/16:0,SOP,RP,QQQ,LowRes,0.18359236736424311,0.13666275711289694,FALSE,FALSE
YAA,16,20b,Cer 18:1;O2/16:0,OTHER,RP,QQQ,LowRes,0.2081943257536277,0.15113848812683953,FALSE,FALSE
YAA,17,21,Cer 18:1;O2/16:0,SOP,RP,QQQ,LowRes,0.23537683148768498,0.2976851428951299,FALSE,TRUE
YAA,18,22,Cer 18:1;O2/16:0,SOP,RP,QQQ,LowRes,0.20947219002626832,0.15482961819245486,FALSE,FALSE
YAA,19,23,Cer 18:1;O2/16:0,SOP,RP,QQQ,LowRes,0.22487006721666666,0.16608760696854608,FALSE,FALSE
YAA,20,24,Cer 18:1;O2/16:0,SOP,RP,QQQ,LowRes,0.248310495815582,0.15461447925036623,FALSE,FALSE
YAA,21,25,Cer 18:1;O2/16:0,SOP,RP,QQQ,LowRes,0.224399765764736,0.1716444405384943,FALSE,FALSE
YAA,22,26a,Cer 18:1;O2/16:0,OTHER,FIA,Orbitrap,HighRes,0.3933952454688794,0.1642504019238761,TRUE,FALSE
YAA,22,26b,Cer 18:1;O2/16:0,OTHER,FIA,QQQ,LowRes,0.20599081118744206,0.1220053915004014,FALSE,FALSE
YAA,23,27,Cer 18:1;O2/16:0,SOP,RP,QQQ,LowRes,0.19582237255441506,0.11091189405208231,FALSE,FALSE
YAA,24,28,Cer 18:1;O2/16:0,SOP,RP,QQQ,LowRes,0.24028351110863297,0.0914594534458961,FALSE,FALSE
YAA,25,29a,Cer 18:1;O2/16:0,SOP,RP,TOF,HighRes,0.19409372490603155,0.14969882789902117,FALSE,FALSE
YAA,25,29b,Cer 18:1;O2/16:0,OTHER,SFC,QQQ,LowRes,0.23154975724692767,0.1428335446163516,FALSE,FALSE
YAA,26,30,Cer 18:1;O2/16:0,SOP,RP,QQQ,LowRes,0.35127141363768605,0.2740173792457063,TRUE,TRUE
YAA,27,31,Cer 18:1;O2/16:0,SOP,RP,QQQ,LowRes,0.23748347213079515,0.14716002171752218,FALSE,FALSE
YAA,28,32,Cer 18:1;O2/16:0,OTHER,RP,TOF,HighRes,0.27922079534268135,0.22260598942542173,FALSE,TRUE
YAA,29,33,Cer 18:1;O2/16:0,OTHER,RP,QQQ,LowRes,0.23293990363982825,0.1609891655579542,FALSE,FALSE
YAA,30,34,Cer 18:1;O2/16:0,SOP,RP,QQQ,LowRes,0.21567434157260515,0.1303073692159781,FALSE,FALSE
YAA,31,35,Cer 18:1;O2/16:0,OTHER,RP,QQQ,LowRes,0.20897320039863698,0.12438710674068477,FALSE,FALSE
YAA,32,36,Cer 18:1;O2/16:0,SOP,RP,QQQ,LowRes,0.2096101043001854,0.14923915915045008,FALSE,FALSE
YAA,33,37,Cer 18:1;O2/16:0,OTHER,RP,QQQ,LowRes,0.04681817628297137,0.1709455784606604,TRUE,FALSE
YAA,34,38,Cer 18:1;O2/16:0,SOP,RP,QQQ,LowRes,0.04278404701003612,0.04509201284569535,TRUE,TRUE
YAA,1,02b,Cer 18:1;O2/18:0,SOP,RP,QQQ,LowRes,0.03699494642402784,0.056609440369612726,FALSE,FALSE
YAA,2,03,Cer 18:1;O2/18:0,OTHER,RP,QQQ,LowRes,0.06828825633833424,0.10313627164036959,TRUE,TRUE
YAA,3,04,Cer 18:1;O2/18:0,SOP,RP,QQQ,LowRes,0.029003900458028923,0.05101108084818575,FALSE,FALSE
YAA,4,05,Cer 18:1;O2/18:0,OTHER,RP,QQQ,LowRes,0.030178621969077658,0.05533496034129037,FALSE,FALSE
YAA,5,07,Cer 18:1;O2/18:0,OTHER,RP,Orbitrap,HighRes,0.03258376889790225,0.047586008104079675,FALSE,FALSE
YAA,6,09,Cer 18:1;O2/18:0,OTHER,FIA,QQQ,LowRes,0.028569474800583864,0.05407574927674117,FALSE,FALSE
YAA,7,10a,Cer 18:1;O2/18:0,SOP,RP,QQQ,LowRes,0.03557142957314192,0.0355879789395317,FALSE,FALSE
YAA,7,10b,Cer 18:1;O2/18:0,OTHER,RP,QQQ,LowRes,0.027115687177767012,0.02774444555866474,FALSE,FALSE
YAA,8,12,Cer 18:1;O2/18:0,SOP,RP,QQQ,LowRes,0.03873716549153314,0.06371894074894219,FALSE,FALSE
YAA,9,13,Cer 18:1;O2/18:0,OTHER,RP,QQQ,LowRes,0.050425706861860625,0.06330677389059332,TRUE,FALSE
YAA,10,14,Cer 18:1;O2/18:0,SOP,RP,QQQ,LowRes,0.03228633890652179,0.04871944309131731,FALSE,FALSE
YAA,11,15,Cer 18:1;O2/18:0,SOP,RP,QQQ,LowRes,0.03304288014236814,0.0502810954148635,FALSE,FALSE
YAA,12,16,Cer 18:1;O2/18:0,OTHER,RP,Orbitrap,HighRes,0.029066684454926377,0.04343455606480412,FALSE,FALSE
YAA,13,17a,Cer 18:1;O2/18:0,OTHER,RP,TOF,HighRes,0.042774758838549226,0.06806459922176407,FALSE,FALSE
YAA,14,18a,Cer 18:1;O2/18:0,SOP,RP,QQQ,LowRes,0.03456625149394271,0.04747909757834408,FALSE,FALSE
YAA,14,18b,Cer 18:1;O2/18:0,SOP,RP,QQQ,LowRes,0.026630220212867654,0.0464475848110225,FALSE,FALSE
YAA,15,19,Cer 18:1;O2/18:0,SOP,RP,QQQ,LowRes,0.030850062181708496,0.051931211989458964,FALSE,FALSE
YAA,16,20a,Cer 18:1;O2/18:0,SOP,RP,QQQ,LowRes,0.02990899314408695,0.042057384626681876,FALSE,FALSE
YAA,16,20b,Cer 18:1;O2/18:0,OTHER,RP,QQQ,LowRes,0.030172145123770377,0.044957475565802346,FALSE,FALSE
YAA,17,21,Cer 18:1;O2/18:0,SOP,RP,QQQ,LowRes,0.03557407736176656,0.10720917674243421,FALSE,TRUE
YAA,18,22,Cer 18:1;O2/18:0,SOP,RP,QQQ,LowRes,0.03200588530085166,0.05035858496633411,FALSE,FALSE
YAA,19,23,Cer 18:1;O2/18:0,SOP,RP,QQQ,LowRes,0.03741868733320156,0.0567414253037143,FALSE,FALSE
YAA,20,24,Cer 18:1;O2/18:0,SOP,RP,QQQ,LowRes,0.040967035142534726,0.05174404847379413,FALSE,FALSE
YAA,21,25,Cer 18:1;O2/18:0,SOP,RP,QQQ,LowRes,0.030226295954587836,0.04934007015831343,FALSE,FALSE
YAA,22,26a,Cer 18:1;O2/18:0,OTHER,FIA,Orbitrap,HighRes,0.05564386556231154,0.06286951650019877,TRUE,FALSE
YAA,22,26b,Cer 18:1;O2/18:0,OTHER,FIA,QQQ,LowRes,0.012375294955826479,0.01633342658946108,TRUE,TRUE
YAA,23,27,Cer 18:1;O2/18:0,SOP,RP,QQQ,LowRes,0.029839807151385084,0.03001818033268893,FALSE,FALSE
YAA,24,28,Cer 18:1;O2/18:0,SOP,RP,QQQ,LowRes,0.03396756706787489,0.04280131492840271,FALSE,FALSE
YAA,25,29a,Cer 18:1;O2/18:0,SOP,RP,TOF,HighRes,0.029469451012883233,0.0461204477019923,FALSE,FALSE
YAA,25,29b,Cer 18:1;O2/18:0,OTHER,SFC,QQQ,LowRes,0.04115605312237278,0.05317454539524394,FALSE,FALSE
YAA,26,30,Cer 18:1;O2/18:0,SOP,RP,QQQ,LowRes,0.0363981942172262,0.055062988337943174,FALSE,FALSE
YAA,27,31,Cer 18:1;O2/18:0,SOP,RP,QQQ,LowRes,0.03659554920869637,0.04556388350200324,FALSE,FALSE
YAA,28,32,Cer 18:1;O2/18:0,OTHER,RP,TOF,HighRes,0.06893071259770844,0.08752862286972773,TRUE,TRUE
YAA,29,33,Cer 18:1;O2/18:0,OTHER,RP,QQQ,LowRes,0.03552679201145118,0.04939370962003574,FALSE,FALSE
YAA,30,34,Cer 18:1;O2/18:0,SOP,RP,QQQ,LowRes,0.029891258128542538,0.04187599217676192,FALSE,FALSE
YAA,31,35,Cer 18:1;O2/18:0,OTHER,RP,QQQ,LowRes,0.028784893077622303,0.035168416126570644,FALSE,FALSE
YAA,32,36,Cer 18:1;O2/18:0,SOP,RP,QQQ,LowRes,0.031370700672320485,0.048882833161242395,FALSE,FALSE
YAA,33,37,Cer 18:1;O2/18:0,OTHER,RP,QQQ,LowRes,0.03375144858118287,0.06093719480731894,FALSE,FALSE
YAA,34,38,Cer 18:1;O2/18:0,SOP,RP,QQQ,LowRes,0.0063083197265091815,0.013061462686932758,TRUE,TRUE
YAA,1,02b,Cer 18:1;O2/24:0,SOP,RP,QQQ,LowRes,2.032120268045924,2.100316863624363,FALSE,FALSE
YAA,2,03,Cer 18:1;O2/24:0,OTHER,RP,QQQ,LowRes,4.606078458584046,4.057781092055992,TRUE,TRUE
YAA,3,04,Cer 18:1;O2/24:0,SOP,RP,QQQ,LowRes,1.878653886134573,1.680863791229299,FALSE,FALSE
YAA,4,05,Cer 18:1;O2/24:0,OTHER,RP,QQQ,LowRes,0.4339670980345088,1.9105986833799369,TRUE,FALSE
YAA,5,07,Cer 18:1;O2/24:0,OTHER,RP,Orbitrap,HighRes,1.7376791435669168,1.6333840254770953,FALSE,FALSE
YAA,6,09,Cer 18:1;O2/24:0,OTHER,FIA,QQQ,LowRes,1.4906128733826485,1.6930586614548213,FALSE,FALSE
YAA,7,10a,Cer 18:1;O2/24:0,SOP,RP,QQQ,LowRes,1.5063285580979449,1.1619631818497334,FALSE,FALSE
YAA,7,10b,Cer 18:1;O2/24:0,OTHER,RP,QQQ,LowRes,1.592901330955329,1.213335743974076,FALSE,FALSE
YAA,8,12,Cer 18:1;O2/24:0,SOP,RP,QQQ,LowRes,1.4562503727031415,1.8705706402034052,FALSE,FALSE
YAA,9,13,Cer 18:1;O2/24:0,OTHER,RP,QQQ,LowRes,1.3298806400421215,2.7173911638336383,FALSE,TRUE
YAA,10,14,Cer 18:1;O2/24:0,SOP,RP,QQQ,LowRes,1.9624783146164906,1.8910660104554124,FALSE,FALSE
YAA,11,15,Cer 18:1;O2/24:0,SOP,RP,QQQ,LowRes,1.6421494634241618,2.173732627142783,FALSE,FALSE
YAA,12,16,Cer 18:1;O2/24:0,OTHER,RP,Orbitrap,HighRes,1.685347122358355,1.5233911018083404,FALSE,FALSE
YAA,13,17a,Cer 18:1;O2/24:0,OTHER,RP,TOF,HighRes,1.7050532751152172,1.359807649332637,FALSE,FALSE
YAA,14,18a,Cer 18:1;O2/24:0,SOP,RP,QQQ,LowRes,1.7247504512406928,1.5515203328393308,FALSE,FALSE
YAA,14,18b,Cer 18:1;O2/24:0,SOP,RP,QQQ,LowRes,1.8371566253199572,1.8931122098076898,FALSE,FALSE
YAA,15,19,Cer 18:1;O2/24:0,SOP,RP,QQQ,LowRes,1.7126760432684032,1.5365334669120854,FALSE,FALSE
YAA,16,20a,Cer 18:1;O2/24:0,SOP,RP,QQQ,LowRes,1.6919471289880552,1.4532707273640597,FALSE,FALSE
YAA,16,20b,Cer 18:1;O2/24:0,OTHER,RP,QQQ,LowRes,1.7092607286689079,1.6023985290279474,FALSE,FALSE
YAA,17,21,Cer 18:1;O2/24:0,SOP,RP,QQQ,LowRes,1.9920589009497978,3.385283987487206,FALSE,TRUE
YAA,18,22,Cer 18:1;O2/24:0,SOP,RP,QQQ,LowRes,1.801677013716993,1.6833397864539812,FALSE,FALSE
YAA,19,23,Cer 18:1;O2/24:0,SOP,RP,QQQ,LowRes,1.9287591444771395,1.6759060277900242,FALSE,FALSE
YAA,20,24,Cer 18:1;O2/24:0,SOP,RP,QQQ,LowRes,0.5530098433075576,1.6954272630803013,TRUE,FALSE
YAA,21,25,Cer 18:1;O2/24:0,SOP,RP,QQQ,LowRes,1.7831872702984797,1.7830578157320247,FALSE,FALSE
YAA,22,26a,Cer 18:1;O2/24:0,OTHER,FIA,Orbitrap,HighRes,2.091290341988581,1.647528545699675,FALSE,FALSE
YAA,22,26b,Cer 18:1;O2/24:0,OTHER,FIA,QQQ,LowRes,1.942167949216968,1.4566205028636765,FALSE,FALSE
YAA,23,27,Cer 18:1;O2/24:0,SOP,RP,QQQ,LowRes,1.6135386556360982,1.4076465620126999,FALSE,FALSE
YAA,24,28,Cer 18:1;O2/24:0,SOP,RP,QQQ,LowRes,1.7704114156850685,2.032545687952684,FALSE,FALSE
YAA,25,29a,Cer 18:1;O2/24:0,SOP,RP,TOF,HighRes,1.7423379284281817,1.621953761950502,FALSE,FALSE
YAA,25,29b,Cer 18:1;O2/24:0,OTHER,SFC,QQQ,LowRes,1.7282066330506478,1.5645175575719823,FALSE,FALSE
YAA,26,30,Cer 18:1;O2/24:0,SOP,RP,QQQ,LowRes,1.6229556326452736,1.6364324156610883,FALSE,FALSE
YAA,27,31,Cer 18:1;O2/24:0,SOP,RP,QQQ,LowRes,2.721900251859049,1.713670574004571,TRUE,FALSE
YAA,28,32,Cer 18:1;O2/24:0,OTHER,RP,TOF,HighRes,1.8757118463825078,1.5789623474035879,FALSE,FALSE
YAA,29,33,Cer 18:1;O2/24:0,OTHER,RP,QQQ,LowRes,1.7591267081266369,1.6207011110598106,FALSE,FALSE
YAA,30,34,Cer 18:1;O2/24:0,SOP,RP,QQQ,LowRes,1.8721717290294806,1.4986930985002245,FALSE,FALSE
YAA,31,35,Cer 18:1;O2/24:0,OTHER,RP,QQQ,LowRes,1.5039507710318358,1.4210427820508185,FALSE,FALSE
YAA,32,36,Cer 18:1;O2/24:0,SOP,RP,QQQ,LowRes,1.813888348806445,1.721257620350042,FALSE,FALSE
YAA,33,37,Cer 18:1;O2/24:0,OTHER,RP,QQQ,LowRes,1.325726128636503,1.6890578251008388,FALSE,FALSE
YAA,34,38,Cer 18:1;O2/24:0,SOP,RP,QQQ,LowRes,0.3470655521918672,0.40246518166816825,TRUE,TRUE
YAA,1,02b,Cer 18:1;O2/24:1,SOP,RP,QQQ,LowRes,0.5647531088575569,0.6129248594677081,FALSE,FALSE
YAA,2,03,Cer 18:1;O2/24:1,OTHER,RP,QQQ,LowRes,1.3713018425403536,1.3767292510537943,TRUE,TRUE
YAA,3,04,Cer 18:1;O2/24:1,SOP,RP,QQQ,LowRes,0.5552645251031261,0.5392223616007699,FALSE,FALSE
YAA,4,05,Cer 18:1;O2/24:1,OTHER,RP,QQQ,LowRes,0.15924870697982105,0.5803656080851606,TRUE,FALSE
YAA,5,07,Cer 18:1;O2/24:1,OTHER,RP,Orbitrap,HighRes,0.6041274132580297,0.5678899200172749,FALSE,FALSE
YAA,6,09,Cer 18:1;O2/24:1,OTHER,FIA,QQQ,LowRes,0.46601164714607773,0.5650718709922427,FALSE,FALSE
YAA,7,10a,Cer 18:1;O2/24:1,SOP,RP,QQQ,LowRes,0.3891639932850681,0.46045182646774957,FALSE,FALSE
YAA,7,10b,Cer 18:1;O2/24:1,OTHER,RP,QQQ,LowRes,0.46778803467765695,0.3252489684945906,FALSE,TRUE
YAA,8,12,Cer 18:1;O2/24:1,SOP,RP,QQQ,LowRes,0.4550777618749073,0.6230442569802771,FALSE,FALSE
YAA,9,13,Cer 18:1;O2/24:1,OTHER,RP,QQQ,LowRes,0.30330363735576793,0.845715263215303,FALSE,TRUE
YAA,10,14,Cer 18:1;O2/24:1,SOP,RP,QQQ,LowRes,0.5952594535346142,0.5894745636470105,FALSE,FALSE
YAA,11,15,Cer 18:1;O2/24:1,SOP,RP,QQQ,LowRes,0.49941391948695124,0.7027039883718604,FALSE,FALSE
YAA,12,16,Cer 18:1;O2/24:1,OTHER,RP,Orbitrap,HighRes,0.31179586313488955,0.5527900303300152,FALSE,FALSE
YAA,13,17a,Cer 18:1;O2/24:1,OTHER,RP,TOF,HighRes,0.8965882285639386,0.6900946512596439,TRUE,FALSE
YAA,14,18a,Cer 18:1;O2/24:1,SOP,RP,QQQ,LowRes,0.6059472751626555,0.5264565745575237,FALSE,FALSE
YAA,14,18b,Cer 18:1;O2/24:1,SOP,RP,QQQ,LowRes,0.6001407214480744,0.5697304804809332,FALSE,FALSE
YAA,15,19,Cer 18:1;O2/24:1,SOP,RP,QQQ,LowRes,0.49881954415453705,0.5519592536513415,FALSE,FALSE
YAA,16,20a,Cer 18:1;O2/24:1,SOP,RP,QQQ,LowRes,0.5138953030970067,0.4785160537850172,FALSE,FALSE
YAA,16,20b,Cer 18:1;O2/24:1,OTHER,RP,QQQ,LowRes,0.5266804108565648,0.520224297277732,FALSE,FALSE
YAA,17,21,Cer 18:1;O2/24:1,SOP,RP,QQQ,LowRes,0.5906043922742485,1.1235865950541724,FALSE,TRUE
YAA,18,22,Cer 18:1;O2/24:1,SOP,RP,QQQ,LowRes,0.5399716950657972,0.5432323031974376,FALSE,FALSE
YAA,19,23,Cer 18:1;O2/24:1,SOP,RP,QQQ,LowRes,0.6146724133079365,0.5914232361134385,FALSE,FALSE
YAA,20,24,Cer 18:1;O2/24:1,SOP,RP,QQQ,LowRes,0.15875426757136263,0.5430841644905344,TRUE,FALSE
YAA,21,25,Cer 18:1;O2/24:1,SOP,RP,QQQ,LowRes,0.5062260815548212,0.5292541800699082,FALSE,FALSE
YAA,22,26a,Cer 18:1;O2/24:1,OTHER,FIA,Orbitrap,HighRes,0.7286654369154527,0.5691436036162778,FALSE,FALSE
YAA,22,26b,Cer 18:1;O2/24:1,OTHER,FIA,QQQ,LowRes,0.6141738302122477,0.4671714715401527,FALSE,FALSE
YAA,23,27,Cer 18:1;O2/24:1,SOP,RP,QQQ,LowRes,0.48075018019050997,0.405680886138276,FALSE,FALSE
YAA,24,28,Cer 18:1;O2/24:1,SOP,RP,QQQ,LowRes,0.5444177738524862,0.6300900451891724,FALSE,FALSE
YAA,25,29a,Cer 18:1;O2/24:1,SOP,RP,TOF,HighRes,0.53886576990287,0.523173284199951,FALSE,FALSE
YAA,25,29b,Cer 18:1;O2/24:1,OTHER,SFC,QQQ,LowRes,0.7997520663632669,0.7550009694263979,FALSE,FALSE
YAA,26,30,Cer 18:1;O2/24:1,SOP,RP,QQQ,LowRes,0.6353969178246789,0.6171075721319624,FALSE,FALSE
YAA,27,31,Cer 18:1;O2/24:1,SOP,RP,QQQ,LowRes,0.6344796070266431,0.5245698815607055,FALSE,FALSE
YAA,28,32,Cer 18:1;O2/24:1,OTHER,RP,TOF,HighRes,0.8579102750942278,0.7770137691564936,TRUE,TRUE
YAA,29,33,Cer 18:1;O2/24:1,OTHER,RP,QQQ,LowRes,0.5237721805723476,0.517338739138548,FALSE,FALSE
YAA,30,34,Cer 18:1;O2/24:1,SOP,RP,QQQ,LowRes,0.5226557961144512,0.4719930026400784,FALSE,FALSE
YAA,31,35,Cer 18:1;O2/24:1,OTHER,RP,QQQ,LowRes,0.4607098161346469,0.41209443723279493,FALSE,FALSE
YAA,32,36,Cer 18:1;O2/24:1,SOP,RP,QQQ,LowRes,0.5450510490168601,0.4460771588408219,FALSE,FALSE
YAA,33,37,Cer 18:1;O2/24:1,OTHER,RP,QQQ,LowRes,0.3612040014016461,0.5336895220898649,FALSE,FALSE
YAA,34,38,Cer 18:1;O2/24:1,SOP,RP,QQQ,LowRes,0.10747493315623372,0.12558303109637783,TRUE,TRUE
