ceramideName,LabId,Sample,area_l,area_h
Cer 18:1;O2/16:0,02b,STD 1,9983333.333333334,473666.6666666667
Cer 18:1;O2/16:0,02b,STD 2,4528333.333333333,415666.6666666667
Cer 18:1;O2/16:0,02b,STD 3,486500,419666.6666666667
Cer 18:1;O2/16:0,02b,STD 4,107466.66666666667,455666.6666666667
Cer 18:1;O2/16:0,02b,STD 5,51100,417333.3333333333
Cer 18:1;O2/16:0,02b,STD 6,45450,444833.3333333333
Cer 18:1;O2/16:0,03,STD 1,176216666.66666666,7064833.333333333
Cer 18:1;O2/16:0,03,STD 2,87553333.33333333,7620000
Cer 18:1;O2/16:0,03,STD 3,7633500,7021166.666666667
Cer 18:1;O2/16:0,03,STD 4,3168333.3333333335,7377666.666666667
Cer 18:1;O2/16:0,03,STD 5,1063129.8333333333,6700833.333333333
Cer 18:1;O2/16:0,03,STD 6,1038558.1666666666,8085500
Cer 18:1;O2/16:0,04,STD 1,12781666.666666666,619466.6666666666
Cer 18:1;O2/16:0,04,STD 2,6368833.333333333,636416.6666666666
Cer 18:1;O2/16:0,04,STD 3,619333.3333333334,670450
Cer 18:1;O2/16:0,04,STD 4,125950,620833.3333333334
Cer 18:1;O2/16:0,04,STD 5,62700,647966.6666666666
Cer 18:1;O2/16:0,04,STD 6,55381.666666666664,642666.6666666666
Cer 18:1;O2/16:0,05,STD 1,10336243.833333334,462801.5
Cer 18:1;O2/16:0,05,STD 2,5144575.5,476932.3333333333
Cer 18:1;O2/16:0,05,STD 3,625982,481741.1666666667
Cer 18:1;O2/16:0,05,STD 4,166954.83333333334,479442.1666666667
Cer 18:1;O2/16:0,05,STD 5,120950.66666666667,482553.5
Cer 18:1;O2/16:0,05,STD 6,113822.16666666667,508249.3333333333
Cer 18:1;O2/16:0,07,STD 1,23824750.683120083,1064097.5298442647
Cer 18:1;O2/16:0,07,STD 2,13360790.55888275,1174273.2527065217
Cer 18:1;O2/16:0,07,STD 3,986035.1091010175,792556.5851780039
Cer 18:1;O2/16:0,07,STD 4,317043.2266096037,1120771.0032883068
Cer 18:1;O2/16:0,07,STD 5,224222.804778098,1140257.7724496732
Cer 18:1;O2/16:0,07,STD 6,213715.55291025867,1029941.407920602
Cer 18:1;O2/16:0,09,STD 1,52379.754166666666,2922.391666666667
Cer 18:1;O2/16:0,09,STD 2,24249.5125,2502.0916666666667
Cer 18:1;O2/16:0,09,STD 3,2695.2749999999996,2678.1583333333333
Cer 18:1;O2/16:0,09,STD 4,686.9541666666667,2437.8958333333335
Cer 18:1;O2/16:0,09,STD 5,361.525,2121.4416666666666
Cer 18:1;O2/16:0,09,STD 6,278.7583333333333,2271.825
Cer 18:1;O2/16:0,10a,STD 1,115485.5,4336.166666666667
Cer 18:1;O2/16:0,10a,STD 2,73965.66666666667,4861.166666666667
Cer 18:1;O2/16:0,10a,STD 3,8599.166666666666,4507.666666666667
Cer 18:1;O2/16:0,10a,STD 4,3286.8333333333335,4802
Cer 18:1;O2/16:0,10a,STD 5,2709.6666666666665,4338.666666666667
Cer 18:1;O2/16:0,10a,STD 6,2214,4201
Cer 18:1;O2/16:0,10b,STD 1,705368.8333333334,30298.833333333332
Cer 18:1;O2/16:0,10b,STD 2,381048.3333333333,29322.833333333332
Cer 18:1;O2/16:0,10b,STD 3,47387.5,28959.833333333332
Cer 18:1;O2/16:0,10b,STD 4,15025.333333333334,28047
Cer 18:1;O2/16:0,10b,STD 5,15193.166666666666,28981.5
Cer 18:1;O2/16:0,10b,STD 6,11809.5,29952.666666666668
Cer 18:1;O2/16:0,12,STD 1,3008441.1272052648,179660.32691652467
Cer 18:1;O2/16:0,12,STD 2,1236019.683655559,155879.44046734617
Cer 18:1;O2/16:0,12,STD 3,112145.02958333335,149690.00456380768
Cer 18:1;O2/16:0,12,STD 4,21156.511916666666,140285.19808333332
Cer 18:1;O2/16:0,12,STD 5,11132.226666666667,137172.527
Cer 18:1;O2/16:0,12,STD 6,7910.351666666668,134716.46872663283
Cer 18:1;O2/16:0,13,STD 1,38623503.461913265,2834801.090914693
Cer 18:1;O2/16:0,13,STD 2,21960270.243854035,3031446.3768485384
Cer 18:1;O2/16:0,13,STD 3,3161118.667918937,2906284.2537611816
Cer 18:1;O2/16:0,13,STD 4,1674683.67025684,2968151.6340063815
Cer 18:1;O2/16:0,13,STD 5,1317207.4912744067,2857084.9413950015
Cer 18:1;O2/16:0,13,STD 6,1037191.8246760971,2419205.48011881
Cer 18:1;O2/16:0,14,STD 1,1539099.5,71013.635
Cer 18:1;O2/16:0,14,STD 2,797601.0833333333,62791.64666666667
Cer 18:1;O2/16:0,14,STD 3,81631.98666666666,61453.03833333334
Cer 18:1;O2/16:0,14,STD 4,21943.905,62389.69333333333
Cer 18:1;O2/16:0,14,STD 5,8320.33,61334.134999999995
Cer 18:1;O2/16:0,14,STD 6,8479.28,64516.613333333335
Cer 18:1;O2/16:0,15,STD 1,23982258.82742867,1109443.2555292032
Cer 18:1;O2/16:0,15,STD 2,11962063.399315882,1099415.23539732
Cer 18:1;O2/16:0,15,STD 3,1324836.8223171416,1168780.4346867567
Cer 18:1;O2/16:0,15,STD 4,273363.46560307685,1270735.6131154767
Cer 18:1;O2/16:0,15,STD 5,146747.92704623635,1162532.9208809985
Cer 18:1;O2/16:0,15,STD 6,113963.81179933433,1137407.57128671
Cer 18:1;O2/16:0,16,STD 1,1455457.5,53024
Cer 18:1;O2/16:0,16,STD 2,856965.6666666666,76334.66666666667
Cer 18:1;O2/16:0,16,STD 3,89273.83333333333,84483.16666666667
Cer 18:1;O2/16:0,16,STD 4,21263,83642.66666666667
Cer 18:1;O2/16:0,16,STD 5,9573.666666666666,85601.16666666667
Cer 18:1;O2/16:0,16,STD 6,4466,97037.2
Cer 18:1;O2/16:0,17a,STD 1,112704.83333333333,6033.5
Cer 18:1;O2/16:0,17a,STD 2,49739,6174.833333333333
Cer 18:1;O2/16:0,17a,STD 3,5232.5,5696.333333333333
Cer 18:1;O2/16:0,17a,STD 4,1179,6133.833333333333
Cer 18:1;O2/16:0,17a,STD 5,631.5,5943.5
Cer 18:1;O2/16:0,17a,STD 6,540.8333333333334,5748.666666666667
Cer 18:1;O2/16:0,18a,STD 1,431362.5516984602,19307.223766548017
Cer 18:1;O2/16:0,18a,STD 2,244945.48161719734,21622.965750467134
Cer 18:1;O2/16:0,18a,STD 3,23910.380863475766,22290.79917297013
Cer 18:1;O2/16:0,18a,STD 4,5778.928221004853,22240.0395029331
Cer 18:1;O2/16:0,18a,STD 5,2948.7808400612703,21379.113666942485
Cer 18:1;O2/16:0,18a,STD 6,2555.358475934743,21676.729257218634
Cer 18:1;O2/16:0,18b,STD 1,3935334.4166666665,187614.58072916666
Cer 18:1;O2/16:0,18b,STD 2,2118456.8958333335,199631.64583333334
Cer 18:1;O2/16:0,18b,STD 3,233477.68489583334,212672.00260416666
Cer 18:1;O2/16:0,18b,STD 4,59119.821614583336,216801.42447916666
Cer 18:1;O2/16:0,18b,STD 5,29351.6005859375,207753.95572916666
Cer 18:1;O2/16:0,18b,STD 6,30595.4228515625,217048.17708333334
Cer 18:1;O2/16:0,19,STD 1,21595.452500668216,1498.9083405164117
Cer 18:1;O2/16:0,19,STD 2,10162.663478130034,1568.7999825805032
Cer 18:1;O2/16:0,19,STD 3,1237.8305728371943,1537.1160631198884
Cer 18:1;O2/16:0,19,STD 4,345.50885280799884,1554.97818132019
Cer 18:1;O2/16:0,19,STD 5,257.81867573547385,1747.758067145665
Cer 18:1;O2/16:0,19,STD 6,221.9068411191305,1566.5821360998164
Cer 18:1;O2/16:0,20a,STD 1,530849.1834349136,25775.78141113355
Cer 18:1;O2/16:0,20a,STD 2,218298.59585564834,19702.8028802612
Cer 18:1;O2/16:0,20a,STD 3,23879.426746625548,22720.696352763698
Cer 18:1;O2/16:0,20a,STD 4,5601.626242108378,23714.181350619983
Cer 18:1;O2/16:0,20a,STD 5,3271.663863448808,23232.49123797477
Cer 18:1;O2/16:0,20a,STD 6,3613.76137832115,31361.64830753945
Cer 18:1;O2/16:0,20b,STD 1,440612.2696079883,19589.678734722267
Cer 18:1;O2/16:0,20b,STD 2,204364.847362429,19289.13992104327
Cer 18:1;O2/16:0,20b,STD 3,22982.9407531823,21114.206830349398
Cer 18:1;O2/16:0,20b,STD 4,5657.781680722223,20088.308459736465
Cer 18:1;O2/16:0,20b,STD 5,3779.389974329273,19162.5105268557
Cer 18:1;O2/16:0,20b,STD 6,2883.9617917619366,16458.119873979835
Cer 18:1;O2/16:0,21,STD 1,6257860.501739541,552874.945311123
Cer 18:1;O2/16:0,21,STD 2,2716321.7881263085,486078.855867297
Cer 18:1;O2/16:0,21,STD 3,310790.68711433304,461589.9253626612
Cer 18:1;O2/16:0,21,STD 4,78426.54626011135,452149.0084110367
Cer 18:1;O2/16:0,21,STD 5,50983.77491005045,452272.191038103
Cer 18:1;O2/16:0,21,STD 6,25810.165593739017,438897.41642444953
Cer 18:1;O2/16:0,22,STD 1,6929569.5756412065,302611.102025622
Cer 18:1;O2/16:0,22,STD 2,3322689.77682552,309934.0805222198
Cer 18:1;O2/16:0,22,STD 3,316320.7945352162,312510.9637129948
Cer 18:1;O2/16:0,22,STD 4,69634.91107170674,307595.6530413345
Cer 18:1;O2/16:0,22,STD 5,34101.42877817555,302210.64201024815
Cer 18:1;O2/16:0,22,STD 6,29094.070991804932,303238.76210020063
Cer 18:1;O2/16:0,23,STD 1,28536.275556705048,1279.4896955632835
Cer 18:1;O2/16:0,23,STD 2,14176.562001900267,1245.8839448985732
Cer 18:1;O2/16:0,23,STD 3,1540.16419498697,1276.7185577493517
Cer 18:1;O2/16:0,23,STD 4,155.81147874338885,1268.7153124373767
Cer 18:1;O2/16:0,23,STD 5,92.55922569600214,1312.5366693471083
Cer 18:1;O2/16:0,23,STD 6,73.70434473097157,1295.6453744040384
Cer 18:1;O2/16:0,24,STD 1,1645156.4166666667,68835.91666666667
Cer 18:1;O2/16:0,24,STD 2,852683.1833333333,68280.83333333333
Cer 18:1;O2/16:0,24,STD 3,94350.05,69200.36666666667
Cer 18:1;O2/16:0,24,STD 4,19953.38333333333,67690.83333333333
Cer 18:1;O2/16:0,24,STD 5,10686.966666666667,68314.68333333333
Cer 18:1;O2/16:0,24,STD 6,9174.816666666666,68409.85
Cer 18:1;O2/16:0,25,STD 1,21030.007833333333,1015.8670000000001
Cer 18:1;O2/16:0,25,STD 2,11265.170166666667,1061.7366666666667
Cer 18:1;O2/16:0,25,STD 3,1078.3841666666667,1037.0583333333334
Cer 18:1;O2/16:0,25,STD 4,211.78633333333335,1044.7155
Cer 18:1;O2/16:0,25,STD 5,119.93350000000001,1022.6581666666666
Cer 18:1;O2/16:0,25,STD 6,82.78533333333334,1015.4325
Cer 18:1;O2/16:0,26a,STD 1,260779.84389065,32070
Cer 18:1;O2/16:0,26a,STD 2,178279.880424013,35610
Cer 18:1;O2/16:0,26a,STD 3,66409.950929358,38100
Cer 18:1;O2/16:0,26a,STD 4,53409.8980166466,40080
Cer 18:1;O2/16:0,26a,STD 5,11499.9575350214,43670
Cer 18:1;O2/16:0,26a,STD 6,4489.97438620336,38960
Cer 18:1;O2/16:0,26b,STD 1,401805,52208
Cer 18:1;O2/16:0,26b,STD 2,174321,43297
Cer 18:1;O2/16:0,26b,STD 3,77806,51529
Cer 18:1;O2/16:0,26b,STD 4,37588,45706
Cer 18:1;O2/16:0,26b,STD 5,8675,53210
Cer 18:1;O2/16:0,26b,STD 6,1084,51686
Cer 18:1;O2/16:0,27,STD 1,4835490.252648058,241169.42442864334
Cer 18:1;O2/16:0,27,STD 2,2852434.90883708,243914.73327280732
Cer 18:1;O2/16:0,27,STD 3,366667.91609952284,238640.59342657134
Cer 18:1;O2/16:0,27,STD 4,130177.563091911,234726.93053188652
Cer 18:1;O2/16:0,27,STD 5,96385.03197315076,243132.46260073502
Cer 18:1;O2/16:0,27,STD 6,92149.83421856069,242094.36651496615
Cer 18:1;O2/16:0,28,STD 1,31620566.666666668,1418241.6666666667
Cer 18:1;O2/16:0,28,STD 2,17074783.333333332,1465548.3333333333
Cer 18:1;O2/16:0,28,STD 3,2984165,1454840
Cer 18:1;O2/16:0,28,STD 4,1704661.6666666667,1462348.3333333333
Cer 18:1;O2/16:0,28,STD 5,1521511.6666666667,1459645
Cer 18:1;O2/16:0,28,STD 6,1529416.6666666667,1435078.3333333333
Cer 18:1;O2/16:0,29a,STD 1,3126666.6666666665,159166.66666666666
Cer 18:1;O2/16:0,29a,STD 2,1581666.6666666667,153166.66666666666
Cer 18:1;O2/16:0,29a,STD 3,164500,157000
Cer 18:1;O2/16:0,29a,STD 4,37683.333333333336,157500
Cer 18:1;O2/16:0,29a,STD 5,19166.666666666668,158166.66666666666
Cer 18:1;O2/16:0,29a,STD 6,16400,157833.33333333334
Cer 18:1;O2/16:0,29b,STD 1,7172.161,258.7633333333333
Cer 18:1;O2/16:0,29b,STD 2,3485.9121666666665,259.2955
Cer 18:1;O2/16:0,29b,STD 3,309.74733333333336,271.988
Cer 18:1;O2/16:0,29b,STD 4,70.378,265.583
Cer 18:1;O2/16:0,29b,STD 5,38.53283333333333,267.53066666666666
Cer 18:1;O2/16:0,29b,STD 6,30.3355,269.128
Cer 18:1;O2/16:0,30,STD 1,10095452.5,470878.6666666667
Cer 18:1;O2/16:0,30,STD 2,4523844,446453.1666666667
Cer 18:1;O2/16:0,30,STD 3,445920.6666666667,445876.6666666667
Cer 18:1;O2/16:0,30,STD 4,91767.16666666667,434104.5
Cer 18:1;O2/16:0,30,STD 5,46829.333333333336,427291.3333333333
Cer 18:1;O2/16:0,30,STD 6,38570.333333333336,437416.8333333333
Cer 18:1;O2/16:0,31,STD 1,108565.66666666667,4782
Cer 18:1;O2/16:0,31,STD 2,58477,4926.333333333333
Cer 18:1;O2/16:0,31,STD 3,6534.666666666667,4948.333333333333
Cer 18:1;O2/16:0,31,STD 4,1685.6666666666667,4690.5
Cer 18:1;O2/16:0,31,STD 5,946.6666666666666,5200.5
Cer 18:1;O2/16:0,31,STD 6,804.5,5848.5
Cer 18:1;O2/16:0,32,STD 1,924.6666666666666,47.833333333333336
Cer 18:1;O2/16:0,32,STD 2,441.5,45.5
Cer 18:1;O2/16:0,32,STD 3,48.666666666666664,46.666666666666664
Cer 18:1;O2/16:0,33,STD 1,44785.52892998537,1851.8271903157633
Cer 18:1;O2/16:0,33,STD 2,21667.560548279533,1890.612481072585
Cer 18:1;O2/16:0,33,STD 3,2064.4778277179166,1906.683864552875
Cer 18:1;O2/16:0,33,STD 4,449.9722323805519,1825.5820574561951
Cer 18:1;O2/16:0,33,STD 5,234.48986913762067,1866.0515293038716
Cer 18:1;O2/16:0,33,STD 6,214.73217402268332,2035.51698371134
Cer 18:1;O2/16:0,34,STD 1,2490172.434602765,96777.13103826746
Cer 18:1;O2/16:0,34,STD 2,1284725.133411245,101336.06255572865
Cer 18:1;O2/16:0,34,STD 3,138111.5327032705,102049.61815763205
Cer 18:1;O2/16:0,34,STD 4,30123.6129623035,98402.8411869065
Cer 18:1;O2/16:0,34,STD 5,15608.5316387044,103558.56001662875
Cer 18:1;O2/16:0,34,STD 6,13079.24346915445,96871.5351870431
Cer 18:1;O2/16:0,35,STD 1,800225.51,40553.44906318083
Cer 18:1;O2/16:0,35,STD 2,527713.1066666667,46289.5751416122
Cer 18:1;O2/16:0,35,STD 3,70688.66,46488.90437908498
Cer 18:1;O2/16:0,35,STD 4,11779.96908496732,27407.81777777778
Cer 18:1;O2/16:0,35,STD 5,21548.38,46952.38736383443
Cer 18:1;O2/16:0,35,STD 6,17202.15,47005.58546840958
Cer 18:1;O2/16:0,36,STD 1,4300000,199166.66666666666
Cer 18:1;O2/16:0,36,STD 2,2148333.3333333335,197500
Cer 18:1;O2/16:0,36,STD 3,222666.66666666666,198833.33333333334
Cer 18:1;O2/16:0,36,STD 4,52566.666666666664,202833.33333333334
Cer 18:1;O2/16:0,36,STD 5,20723.333333333332,171283.33333333334
Cer 18:1;O2/16:0,36,STD 6,19333.333333333332,201666.66666666666
Cer 18:1;O2/16:0,37,STD 1,6479073.601371282,1443108.7273869966
Cer 18:1;O2/16:0,37,STD 2,3233853.0193133317,1505617.3989096677
Cer 18:1;O2/16:0,37,STD 3,414145.00026882614,1947500.81093314
Cer 18:1;O2/16:0,37,STD 4,62957.84938895285,1209875.5005495902
Cer 18:1;O2/16:0,37,STD 5,43173.953850039965,1521190.443140645
Cer 18:1;O2/16:0,37,STD 6,29592.86068624725,1136074.4872685533
Cer 18:1;O2/16:0,38,STD 1,204368.3335,13359.089333333333
Cer 18:1;O2/16:0,38,STD 2,230538.142,25088.477666666666
Cer 18:1;O2/16:0,38,STD 3,13596.878666666667,14647.768166666667
Cer 18:1;O2/16:0,38,STD 4,1238.52,11322.317833333334
Cer 18:1;O2/16:0,38,STD 5,668.4066666666666,11372.315333333334
Cer 18:1;O2/16:0,38,STD 6,1912.9845,29310.036
Cer 18:1;O2/18:0,02b,STD 1,13856666.666666666,551166.6666666666
Cer 18:1;O2/18:0,02b,STD 2,6911666.666666667,541000
Cer 18:1;O2/18:0,02b,STD 3,760500,562833.3333333334
Cer 18:1;O2/18:0,02b,STD 4,151283.33333333334,561500
Cer 18:1;O2/18:0,02b,STD 5,72533.33333333333,532166.6666666666
Cer 18:1;O2/18:0,02b,STD 6,64150,569000
Cer 18:1;O2/18:0,03,STD 1,182733333.33333334,6347166.666666667
Cer 18:1;O2/18:0,03,STD 2,93761666.66666667,7379000
Cer 18:1;O2/18:0,03,STD 3,7808166.666666667,6551666.666666667
Cer 18:1;O2/18:0,03,STD 4,2030166.6666666667,7013833.333333333
Cer 18:1;O2/18:0,03,STD 5,827192.5,6495166.666666667
Cer 18:1;O2/18:0,03,STD 6,803353.5,7022166.666666667
Cer 18:1;O2/18:0,04,STD 1,14143333.333333334,606983.3333333334
Cer 18:1;O2/18:0,04,STD 2,7048166.666666667,615933.3333333334
Cer 18:1;O2/18:0,04,STD 3,695233.3333333334,617333.3333333334
Cer 18:1;O2/18:0,04,STD 4,137116.66666666666,621150
Cer 18:1;O2/18:0,04,STD 5,66116.66666666667,613500
Cer 18:1;O2/18:0,04,STD 6,58278.333333333336,599600
Cer 18:1;O2/18:0,05,STD 1,6749078,324886.1666666667
Cer 18:1;O2/18:0,05,STD 2,3454267,329716.3333333333
Cer 18:1;O2/18:0,05,STD 3,368680,335506.6666666667
Cer 18:1;O2/18:0,05,STD 4,77345.83333333333,339310.5
Cer 18:1;O2/18:0,05,STD 5,44136.833333333336,343261.8333333333
Cer 18:1;O2/18:0,05,STD 6,36915.666666666664,357203.6666666667
Cer 18:1;O2/18:0,07,STD 1,25082334.56731785,1006872.3069857763
Cer 18:1;O2/18:0,07,STD 2,13486633.439906267,1055475.4758928837
Cer 18:1;O2/18:0,07,STD 3,1060396.7541426003,745886.1731915752
Cer 18:1;O2/18:0,07,STD 4,300479.6680768323,1061437.8538415292
Cer 18:1;O2/18:0,07,STD 5,187780.01683030865,1147354.5690169446
Cer 18:1;O2/18:0,07,STD 6,175698.38103563752,1105534.8763925997
Cer 18:1;O2/18:0,09,STD 1,47510.558333333334,2454.179166666667
Cer 18:1;O2/18:0,09,STD 2,22529.95,2424.7833333333333
Cer 18:1;O2/18:0,09,STD 3,2364.1,2160.133333333333
Cer 18:1;O2/18:0,09,STD 4,436.8,2213.1916666666666
Cer 18:1;O2/18:0,09,STD 5,336.7291666666667,2021.4541666666667
Cer 18:1;O2/18:0,09,STD 6,203.31666666666666,1672.4166666666667
Cer 18:1;O2/18:0,10a,STD 1,315189.3333333333,11465.5
Cer 18:1;O2/18:0,10a,STD 2,178437.66666666666,11267.333333333334
Cer 18:1;O2/18:0,10a,STD 3,26668.5,14648.833333333334
Cer 18:1;O2/18:0,10a,STD 4,4183.166666666667,11339.833333333334
Cer 18:1;O2/18:0,10a,STD 5,5464.666666666667,14175.5
Cer 18:1;O2/18:0,10a,STD 6,2565.8333333333335,10563.5
Cer 18:1;O2/18:0,10b,STD 1,798311.1666666666,27405
Cer 18:1;O2/18:0,10b,STD 2,429833,27392.333333333332
Cer 18:1;O2/18:0,10b,STD 3,45774.166666666664,26857.166666666668
Cer 18:1;O2/18:0,10b,STD 4,10060.333333333334,27457
Cer 18:1;O2/18:0,10b,STD 5,9719.5,27490.666666666668
Cer 18:1;O2/18:0,10b,STD 6,5540.666666666667,28200.333333333332
Cer 18:1;O2/18:0,12,STD 1,4687863.658060629,185482.2989322903
Cer 18:1;O2/18:0,12,STD 2,2070887.5842104766,169531.27319023415
Cer 18:1;O2/18:0,12,STD 3,178575.6378026507,151693.9290807687
Cer 18:1;O2/18:0,12,STD 4,32256.178083333332,136763.06491666666
Cer 18:1;O2/18:0,12,STD 5,16950.758583333332,134708.6633371726
Cer 18:1;O2/18:0,12,STD 6,12559.826833333334,130744.33349999998
Cer 18:1;O2/18:0,13,STD 1,53387466.98449195,2033543.2796068767
Cer 18:1;O2/18:0,13,STD 2,29825229.3975237,2167937.5774313165
Cer 18:1;O2/18:0,13,STD 3,3294647.0838306802,2085149.6655313433
Cer 18:1;O2/18:0,13,STD 4,898918.170170719,2110608.45990691
Cer 18:1;O2/18:0,13,STD 5,529940.7017892965,2000736.9498491217
Cer 18:1;O2/18:0,13,STD 6,348631.086526549,1692568.4303496617
Cer 18:1;O2/18:0,14,STD 1,1806729.2013354083,77962.43000000001
Cer 18:1;O2/18:0,14,STD 2,920654.045,70341.38333333333
Cer 18:1;O2/18:0,14,STD 3,95362.10666666669,69636.69833333333
Cer 18:1;O2/18:0,14,STD 4,20680.463333333333,71127.92
Cer 18:1;O2/18:0,14,STD 5,9783.7675,67807.9975
Cer 18:1;O2/18:0,14,STD 6,8567.738333333333,71516.66
Cer 18:1;O2/18:0,15,STD 1,33008733.80745353,1232033.7354993601
Cer 18:1;O2/18:0,15,STD 2,16248823.943923984,1248351.5049003134
Cer 18:1;O2/18:0,15,STD 3,1776111.3614082735,1324111.318256505
Cer 18:1;O2/18:0,15,STD 4,350603.0623235492,1442522.2976681017
Cer 18:1;O2/18:0,15,STD 5,179088.13216831983,1341047.8673159932
Cer 18:1;O2/18:0,15,STD 6,132362.24244413633,1243646.7106080283
Cer 18:1;O2/18:0,16,STD 1,2558518.6666666665,83992.83333333333
Cer 18:1;O2/18:0,16,STD 2,990757.5,77944.66666666667
Cer 18:1;O2/18:0,16,STD 3,85052.16666666667,66299.66666666667
Cer 18:1;O2/18:0,16,STD 4,18282.5,62897
Cer 18:1;O2/18:0,16,STD 5,7952.166666666667,66169.83333333333
Cer 18:1;O2/18:0,16,STD 6,2572.4,70860.2
Cer 18:1;O2/18:0,17a,STD 1,95357.16666666667,3816.5
Cer 18:1;O2/18:0,17a,STD 2,43377.5,3768.1666666666665
Cer 18:1;O2/18:0,17a,STD 3,4958.666666666667,3976.6666666666665
Cer 18:1;O2/18:0,17a,STD 4,1037.6666666666667,3667.6666666666665
Cer 18:1;O2/18:0,17a,STD 5,519.6666666666666,3909.3333333333335
Cer 18:1;O2/18:0,17a,STD 6,436.8333333333333,3832.6666666666665
Cer 18:1;O2/18:0,18a,STD 1,642174.2551177915,21967.259708234018
Cer 18:1;O2/18:0,18a,STD 2,360856.3901798363,25233.293602866084
Cer 18:1;O2/18:0,18a,STD 3,34576.112310041084,25827.9323943788
Cer 18:1;O2/18:0,18a,STD 4,8073.55186142907,25698.71995971605
Cer 18:1;O2/18:0,18a,STD 5,3865.2367600756666,25069.2663591549
Cer 18:1;O2/18:0,18a,STD 6,3683.1334251707185,26296.427726825015
Cer 18:1;O2/18:0,18b,STD 1,9537388.166666666,451408.3541666667
Cer 18:1;O2/18:0,18b,STD 2,5177036.833333333,475610.3177083333
Cer 18:1;O2/18:0,18b,STD 3,585002.671875,522887.828125
Cer 18:1;O2/18:0,18b,STD 4,141195.73307291666,541334.0520833334
Cer 18:1;O2/18:0,18b,STD 5,61669.599609375,491850.6614583333
Cer 18:1;O2/18:0,18b,STD 6,60317.866536458336,512253.8645833333
Cer 18:1;O2/18:0,19,STD 1,39476.14798246539,1885.498818112055
Cer 18:1;O2/18:0,19,STD 2,19019.269165803584,1756.1080391887
Cer 18:1;O2/18:0,19,STD 3,1946.75258057912,1734.1396152566267
Cer 18:1;O2/18:0,19,STD 4,509.55949891789714,1835.5092400668468
Cer 18:1;O2/18:0,19,STD 5,354.29899804433165,1927.4619444414766
Cer 18:1;O2/18:0,19,STD 6,320.8059474795658,1919.19349725183
Cer 18:1;O2/18:0,20a,STD 1,241660.53791829682,8335.574326666003
Cer 18:1;O2/18:0,20a,STD 2,115203.41238554267,7795.787654251527
Cer 18:1;O2/18:0,20a,STD 3,11437.840471689267,8324.22228877521
Cer 18:1;O2/18:0,20a,STD 4,2203.162549706095,8610.837583716202
Cer 18:1;O2/18:0,20a,STD 5,1305.029721986135,8365.772723244452
Cer 18:1;O2/18:0,20a,STD 6,984.9117915357918,8417.548800077486
Cer 18:1;O2/18:0,20b,STD 1,437182.8618943557,16707.290290252433
Cer 18:1;O2/18:0,20b,STD 2,209838.86989439634,16165.634532420334
Cer 18:1;O2/18:0,20b,STD 3,21937.941807878833,17799.44105358267
Cer 18:1;O2/18:0,20b,STD 4,3873.0090484980965,15023.880030608127
Cer 18:1;O2/18:0,20b,STD 5,2807.3073545780335,15856.4389729493
Cer 18:1;O2/18:0,20b,STD 6,2001.6571083525,13651.548799922028
Cer 18:1;O2/18:0,21,STD 1,6305213.001027232,518655.2621843743
Cer 18:1;O2/18:0,21,STD 2,2778136.505780495,473114.21695172234
Cer 18:1;O2/18:0,21,STD 3,300734.6243092503,428931.1595637532
Cer 18:1;O2/18:0,21,STD 4,66644.59167195317,411228.8967258983
Cer 18:1;O2/18:0,21,STD 5,36946.499646902565,418337.74155070214
Cer 18:1;O2/18:0,21,STD 6,22319.6217856216,402030.39605668414
Cer 18:1;O2/18:0,22,STD 1,7936909.237489289,290696.8279802772
Cer 18:1;O2/18:0,22,STD 2,3630264.9192864667,290036.18120666215
Cer 18:1;O2/18:0,22,STD 3,354045.13279751886,301310.65815647016
Cer 18:1;O2/18:0,22,STD 4,75915.96849442538,299248.54430843965
Cer 18:1;O2/18:0,22,STD 5,37293.47245661205,287718.32399385783
Cer 18:1;O2/18:0,22,STD 6,31698.991555341716,293124.1420869797
Cer 18:1;O2/18:0,23,STD 1,30534.4380228122,1076.9482479217486
Cer 18:1;O2/18:0,23,STD 2,15172.15983421105,1033.8814790236947
Cer 18:1;O2/18:0,23,STD 3,1640.2896085094085,1068.992537730758
Cer 18:1;O2/18:0,23,STD 4,162.7019103548255,1057.2855621195467
Cer 18:1;O2/18:0,23,STD 5,96.66532671323978,1098.8949642265322
Cer 18:1;O2/18:0,23,STD 6,71.65815799334169,1083.996760728085
Cer 18:1;O2/18:0,24,STD 1,1746391.9,58402.5
Cer 18:1;O2/18:0,24,STD 2,860344.8666666667,58044.48333333334
Cer 18:1;O2/18:0,24,STD 3,99298.78333333333,61246.71666666667
Cer 18:1;O2/18:0,24,STD 4,20899.183333333334,62292.71666666667
Cer 18:1;O2/18:0,24,STD 5,11020.4,60348.98333333334
Cer 18:1;O2/18:0,24,STD 6,9050.65,61863.066666666666
Cer 18:1;O2/18:0,25,STD 1,21832.5395,909.8755
Cer 18:1;O2/18:0,25,STD 2,12280.6055,999.2246666666666
Cer 18:1;O2/18:0,25,STD 3,1157.097,906.6888333333334
Cer 18:1;O2/18:0,25,STD 4,231.9305,995.7398333333333
Cer 18:1;O2/18:0,25,STD 5,119.88333333333333,973.5699999999999
Cer 18:1;O2/18:0,25,STD 6,90.003,943.6451666666667
Cer 18:1;O2/18:0,26a,STD 1,186763.486683379,23065.3485510866
Cer 18:1;O2/18:0,26a,STD 2,112859.929898288,26296.5220580405
Cer 18:1;O2/18:0,26a,STD 3,40126.4102266268,24512.8538902898
Cer 18:1;O2/18:0,26a,STD 4,24154.2879460205,22428.6767954082
Cer 18:1;O2/18:0,26a,STD 5,5898.2158653969,29335.606875316
Cer 18:1;O2/18:0,26a,STD 6,1664,27530.1426678675
Cer 18:1;O2/18:0,26b,STD 1,339411,40277
Cer 18:1;O2/18:0,26b,STD 2,151820,33917
Cer 18:1;O2/18:0,26b,STD 3,63552,38685
Cer 18:1;O2/18:0,26b,STD 4,29535,34624
Cer 18:1;O2/18:0,26b,STD 5,6528,38635
Cer 18:1;O2/18:0,26b,STD 6,531,39139
Cer 18:1;O2/18:0,27,STD 1,4238771.45225103,171565.56552744017
Cer 18:1;O2/18:0,27,STD 2,2480613.018057513,173291.90045908449
Cer 18:1;O2/18:0,27,STD 3,289593.60088459664,167242.19798821668
Cer 18:1;O2/18:0,27,STD 4,82367.91789400797,165231.12637776652
Cer 18:1;O2/18:0,27,STD 5,52687.90842731173,171126.98128044765
Cer 18:1;O2/18:0,27,STD 6,45091.85182895988,171659.09614268533
Cer 18:1;O2/18:0,28,STD 1,32427783.333333332,1288320
Cer 18:1;O2/18:0,28,STD 2,16800533.333333332,1306048.3333333333
Cer 18:1;O2/18:0,28,STD 3,1864820,1302433.3333333333
Cer 18:1;O2/18:0,28,STD 4,511886.3333333333,1303920
Cer 18:1;O2/18:0,28,STD 5,339868.3333333333,1314888.3333333333
Cer 18:1;O2/18:0,28,STD 6,305810,1298393.3333333333
Cer 18:1;O2/18:0,29a,STD 1,3421666.6666666665,141333.33333333334
Cer 18:1;O2/18:0,29a,STD 2,1738333.3333333333,137166.66666666666
Cer 18:1;O2/18:0,29a,STD 3,178833.33333333334,138500
Cer 18:1;O2/18:0,29a,STD 4,37150,139500
Cer 18:1;O2/18:0,29a,STD 5,18566.666666666668,137833.33333333334
Cer 18:1;O2/18:0,29a,STD 6,15366.666666666666,140666.66666666666
Cer 18:1;O2/18:0,29b,STD 1,6406.397833333333,199.83416666666665
Cer 18:1;O2/18:0,29b,STD 2,3080.619833333333,199.843
Cer 18:1;O2/18:0,29b,STD 3,262.77566666666667,200.30666666666667
Cer 18:1;O2/18:0,29b,STD 4,67.25433333333334,203.88666666666666
Cer 18:1;O2/18:0,29b,STD 5,38.299166666666665,207.5025
Cer 18:1;O2/18:0,29b,STD 6,35.281,201.06366666666668
Cer 18:1;O2/18:0,30,STD 1,7191938.666666667,260322.33333333334
Cer 18:1;O2/18:0,30,STD 2,3405595,253901.33333333334
Cer 18:1;O2/18:0,30,STD 3,334497.5,259154
Cer 18:1;O2/18:0,30,STD 4,64053.833333333336,250689
Cer 18:1;O2/18:0,30,STD 5,30835.333333333332,252889.66666666666
Cer 18:1;O2/18:0,30,STD 6,22832.5,257350.5
Cer 18:1;O2/18:0,31,STD 1,150234.83333333334,5513
Cer 18:1;O2/18:0,31,STD 2,84350.16666666667,5716.5
Cer 18:1;O2/18:0,31,STD 3,9313,6074
Cer 18:1;O2/18:0,31,STD 4,2547.8333333333335,6211.5
Cer 18:1;O2/18:0,31,STD 5,1470.1666666666667,7387.666666666667
Cer 18:1;O2/18:0,31,STD 6,1371.5,8559.5
Cer 18:1;O2/18:0,32,STD 1,1404.1666666666667,41.5
Cer 18:1;O2/18:0,32,STD 2,717.6666666666666,41.166666666666664
Cer 18:1;O2/18:0,32,STD 3,69.66666666666667,44.833333333333336
Cer 18:1;O2/18:0,33,STD 1,56812.54961806522,1894.6755026104133
Cer 18:1;O2/18:0,33,STD 2,27320.13433709222,1965.5473870423334
Cer 18:1;O2/18:0,33,STD 3,2608.526200059668,1954.5189577998501
Cer 18:1;O2/18:0,33,STD 4,564.0264545086833,1889.7391087730866
Cer 18:1;O2/18:0,33,STD 5,292.2062412165818,1867.4917263946318
Cer 18:1;O2/18:0,33,STD 6,179.58906366476168,1715.504555550595
Cer 18:1;O2/18:0,34,STD 1,2470395.909934435,91892.0468897469
Cer 18:1;O2/18:0,34,STD 2,1280114.520456495,91806.5861299807
Cer 18:1;O2/18:0,34,STD 3,143654.53555736202,94619.42912054984
Cer 18:1;O2/18:0,34,STD 4,26228.3094901684,91946.4702621079
Cer 18:1;O2/18:0,34,STD 5,14327.259679359,95153.8962921398
Cer 18:1;O2/18:0,34,STD 6,10886.570559892425,90851.53574518605
Cer 18:1;O2/18:0,35,STD 1,759845.050357143,33674.19603448277
Cer 18:1;O2/18:0,35,STD 2,489953.25119047635,37809.51591954023
Cer 18:1;O2/18:0,35,STD 3,57802.45511904762,37887.94793103448
Cer 18:1;O2/18:0,35,STD 4,6100.659677982305,22633.290015588627
Cer 18:1;O2/18:0,35,STD 5,12397.612023809534,38610.64204022988
Cer 18:1;O2/18:0,35,STD 6,7767.460076252725,38498.21787356323
Cer 18:1;O2/18:0,36,STD 1,4725000,192833.33333333334
Cer 18:1;O2/18:0,36,STD 2,2336666.6666666665,190666.66666666666
Cer 18:1;O2/18:0,36,STD 3,246500,195000
Cer 18:1;O2/18:0,36,STD 4,53783.333333333336,192333.33333333334
Cer 18:1;O2/18:0,36,STD 5,22113.333333333332,165433.33333333334
Cer 18:1;O2/18:0,36,STD 6,20966.666666666668,188333.33333333334
Cer 18:1;O2/18:0,37,STD 1,31985990.66650662,1405857.844416335
Cer 18:1;O2/18:0,37,STD 2,16664382.689557383,1570995.916526215
Cer 18:1;O2/18:0,37,STD 3,2174301.6378770815,2097380.158379053
Cer 18:1;O2/18:0,37,STD 4,305926.9783802805,1264632.4194915653
Cer 18:1;O2/18:0,37,STD 5,180126.41771409183,1488181.4379511017
Cer 18:1;O2/18:0,37,STD 6,113836.69367039928,1049153.4695633748
Cer 18:1;O2/18:0,38,STD 1,538285.8906666667,31026.699
Cer 18:1;O2/18:0,38,STD 2,647673.448,61640.81883333334
Cer 18:1;O2/18:0,38,STD 3,36932.2725,34365.13616666666
Cer 18:1;O2/18:0,38,STD 4,4525.544833333333,26463.801666666666
Cer 18:1;O2/18:0,38,STD 5,2305.985166666667,26197.252500000002
Cer 18:1;O2/18:0,38,STD 6,6075.309833333334,69211.31783333333
Cer 18:1;O2/24:0,02b,STD 1,154500000,13186666.666666666
Cer 18:1;O2/24:0,02b,STD 2,86450000,13835000
Cer 18:1;O2/24:0,02b,STD 3,10263333.333333334,14833333.333333334
Cer 18:1;O2/24:0,02b,STD 4,2171666.6666666665,14930000
Cer 18:1;O2/24:0,02b,STD 5,1145666.6666666667,14813333.333333334
Cer 18:1;O2/24:0,02b,STD 6,949500,15126666.666666666
Cer 18:1;O2/24:0,03,STD 1,2217833333.3333335,146450000
Cer 18:1;O2/24:0,03,STD 2,1262166666.6666667,162200000
Cer 18:1;O2/24:0,03,STD 3,106433333.33333333,144716666.66666666
Cer 18:1;O2/24:0,03,STD 4,23763333.333333332,155233333.33333334
Cer 18:1;O2/24:0,03,STD 5,11825000,139933333.33333334
Cer 18:1;O2/24:0,03,STD 6,10515166.666666666,161483333.33333334
Cer 18:1;O2/24:0,04,STD 1,25873333.333333332,1690833.3333333333
Cer 18:1;O2/24:0,04,STD 2,12638333.333333334,1668333.3333333333
Cer 18:1;O2/24:0,04,STD 3,1163833.3333333333,1634500
Cer 18:1;O2/24:0,04,STD 4,227733.33333333334,1543833.3333333333
Cer 18:1;O2/24:0,04,STD 5,110266.66666666667,1582833.3333333333
Cer 18:1;O2/24:0,04,STD 6,93111.66666666667,1555166.6666666667
Cer 18:1;O2/24:0,05,STD 1,28120875,9824869.666666666
Cer 18:1;O2/24:0,05,STD 2,14186753.333333334,9678540.166666666
Cer 18:1;O2/24:0,05,STD 3,1614768.5,10318107.166666666
Cer 18:1;O2/24:0,05,STD 4,349099.6666666667,10168345
Cer 18:1;O2/24:0,05,STD 5,183191,10595688
Cer 18:1;O2/24:0,05,STD 6,148097.16666666666,10832178.5
Cer 18:1;O2/24:0,07,STD 1,438414657.032824,33632746.44536095
Cer 18:1;O2/24:0,07,STD 2,207211213.88811415,30867131.858610783
Cer 18:1;O2/24:0,07,STD 3,18908205.495491836,23803989.197262533
Cer 18:1;O2/24:0,07,STD 4,5282678.816479062,31743331.844493166
Cer 18:1;O2/24:0,07,STD 5,3441223.5088551184,36261562.7810269
Cer 18:1;O2/24:0,07,STD 6,2913725.9781395267,34524516.99608847
Cer 18:1;O2/24:0,09,STD 1,653692.2666666666,55560.34583333333
Cer 18:1;O2/24:0,09,STD 2,302869.64166666666,54154.00833333333
Cer 18:1;O2/24:0,09,STD 3,31820.908333333333,53541.95416666666
Cer 18:1;O2/24:0,09,STD 4,6096.925,45763.816666666666
Cer 18:1;O2/24:0,09,STD 5,2933.3166666666666,43965.825
Cer 18:1;O2/24:0,09,STD 6,2451.570833333333,40784.5125
Cer 18:1;O2/24:0,10a,STD 1,833020.5,70124.66666666667
Cer 18:1;O2/24:0,10a,STD 2,308947.6666666667,45370.5
Cer 18:1;O2/24:0,10a,STD 3,18117.833333333332,17997.166666666668
Cer 18:1;O2/24:0,10a,STD 4,5172.5,24193.333333333332
Cer 18:1;O2/24:0,10a,STD 5,3506,17798.166666666668
Cer 18:1;O2/24:0,10a,STD 6,2138.8333333333335,18559.166666666668
Cer 18:1;O2/24:0,10b,STD 1,31418716.333333332,1933204.6666666667
Cer 18:1;O2/24:0,10b,STD 2,15455245.333333334,1816271.5
Cer 18:1;O2/24:0,10b,STD 3,1635365.5,1729699.1666666667
Cer 18:1;O2/24:0,10b,STD 4,310575.3333333333,1734396.8333333333
Cer 18:1;O2/24:0,10b,STD 5,318706.3333333333,1728925.1666666667
Cer 18:1;O2/24:0,10b,STD 6,195941.66666666666,1855016.5
Cer 18:1;O2/24:0,12,STD 1,56226423.103518836,5277477.473125237
Cer 18:1;O2/24:0,12,STD 2,27569654.40047975,5294085.316471207
Cer 18:1;O2/24:0,12,STD 3,2603542.207094032,5093012.742372499
Cer 18:1;O2/24:0,12,STD 4,482710.2192499998,4705336.219118935
Cer 18:1;O2/24:0,12,STD 5,237691.759460263,4565747.457970417
Cer 18:1;O2/24:0,12,STD 6,173528.03899999984,4292197.556910492
Cer 18:1;O2/24:0,13,STD 1,258486387.34642383,80766488.80325814
Cer 18:1;O2/24:0,13,STD 2,197060075.80901,89079752.0214132
Cer 18:1;O2/24:0,13,STD 3,51123545.72168423,101164833.75277202
Cer 18:1;O2/24:0,13,STD 4,11964650.28337241,97634090.09878215
Cer 18:1;O2/24:0,13,STD 5,6102106.760143465,93866098.22396465
Cer 18:1;O2/24:0,13,STD 6,3961242.885188655,82460733.11545408
Cer 18:1;O2/24:0,14,STD 1,20880602.4740191,1950933
Cer 18:1;O2/24:0,14,STD 2,12001893.49584576,1702604.6
Cer 18:1;O2/24:0,14,STD 3,1303453.25423235,1646205
Cer 18:1;O2/24:0,14,STD 4,268924.9734673184,1588499.8
Cer 18:1;O2/24:0,14,STD 5,128081.82351110567,1570335
Cer 18:1;O2/24:0,14,STD 6,115897.397966953,1687327
Cer 18:1;O2/24:0,15,STD 1,191961339.48200566,21919144.901785634
Cer 18:1;O2/24:0,15,STD 2,116517280.47122234,23485524.9346864
Cer 18:1;O2/24:0,15,STD 3,16031013.446055334,28255423.459123466
Cer 18:1;O2/24:0,15,STD 4,3196595.8143681134,28806967.512079034
Cer 18:1;O2/24:0,15,STD 5,1613943.04802567,26391746.279817417
Cer 18:1;O2/24:0,15,STD 6,1213660.5612087185,25670379.710102767
Cer 18:1;O2/24:0,16,STD 1,38199177.5,2480221.1666666665
Cer 18:1;O2/24:0,16,STD 2,17526646,2676101.5
Cer 18:1;O2/24:0,16,STD 3,1781645.5,2526795.3333333335
Cer 18:1;O2/24:0,16,STD 4,398298.6666666667,2555350.3333333335
Cer 18:1;O2/24:0,16,STD 5,206844.16666666666,2556577
Cer 18:1;O2/24:0,16,STD 6,89090.83333333333,2544372.3333333335
Cer 18:1;O2/24:0,17a,STD 1,4049868.8333333335,205249.66666666666
Cer 18:1;O2/24:0,17a,STD 2,1544560,168068.5
Cer 18:1;O2/24:0,17a,STD 3,105707.83333333333,151009.5
Cer 18:1;O2/24:0,17a,STD 4,16767.666666666668,139906
Cer 18:1;O2/24:0,17a,STD 5,8389.166666666666,140405.33333333334
Cer 18:1;O2/24:0,17a,STD 6,6869,135518.83333333334
Cer 18:1;O2/24:0,18a,STD 1,7140204.67379073,475876.79911553883
Cer 18:1;O2/24:0,18a,STD 2,4204297.475012267,549686.33651554
Cer 18:1;O2/24:0,18a,STD 3,430203.77678993734,610096.2578336832
Cer 18:1;O2/24:0,18a,STD 4,93932.73032809445,618604.8461079048
Cer 18:1;O2/24:0,18a,STD 5,42887.853091964615,608982.652156138
Cer 18:1;O2/24:0,18a,STD 6,40118.82435147079,632641.88910355
Cer 18:1;O2/24:0,18b,STD 1,122063530.66666667,11233029.833333334
Cer 18:1;O2/24:0,18b,STD 2,81686073.33333333,12631540.5
Cer 18:1;O2/24:0,18b,STD 3,13731931.166666666,19506391.833333332
Cer 18:1;O2/24:0,18b,STD 4,3723744.7083333335,21902370
Cer 18:1;O2/24:0,18b,STD 5,1677280.6875,19620067.333333332
Cer 18:1;O2/24:0,18b,STD 6,1724751.6458333333,21488321.5
Cer 18:1;O2/24:0,19,STD 1,732244.9464999698,48065.71802360883
Cer 18:1;O2/24:0,19,STD 2,359704.407062407,47793.26012794144
Cer 18:1;O2/24:0,19,STD 3,35538.470795514164,48254.601714468365
Cer 18:1;O2/24:0,19,STD 4,7674.426883974713,52516.817676875115
Cer 18:1;O2/24:0,19,STD 5,4139.615101365725,54439.17630675094
Cer 18:1;O2/24:0,19,STD 6,3557.623963126182,49891.810145986514
Cer 18:1;O2/24:0,20a,STD 1,2968312.340722313,187167.95288756368
Cer 18:1;O2/24:0,20a,STD 2,1384548.1204873084,170844.46456510032
Cer 18:1;O2/24:0,20a,STD 3,139537.068156374,185241.37045952765
Cer 18:1;O2/24:0,20a,STD 4,27239.1613677227,191351.21474587434
Cer 18:1;O2/24:0,20a,STD 5,15561.8209962597,188400.73467407934
Cer 18:1;O2/24:0,20a,STD 6,11601.691575056,189161.39844106068
Cer 18:1;O2/24:0,20b,STD 1,5246302.759021774,363646.34160262666
Cer 18:1;O2/24:0,20b,STD 2,2624197.80118129,374329.859994795
Cer 18:1;O2/24:0,20b,STD 3,300085.907672959,415836.04002728703
Cer 18:1;O2/24:0,20b,STD 4,45661.133174585535,324095.33071820304
Cer 18:1;O2/24:0,20b,STD 5,32659.1835155259,368874.5368835417
Cer 18:1;O2/24:0,20b,STD 6,22003.2292148996,318992.8245313483
Cer 18:1;O2/24:0,21,STD 1,77708898.31582466,10275748.315015506
Cer 18:1;O2/24:0,21,STD 2,32285471.365676567,9046414.046029018
Cer 18:1;O2/24:0,21,STD 3,2983572.794952517,7334303.5991543755
Cer 18:1;O2/24:0,21,STD 4,611911.74536908,6942012.71545755
Cer 18:1;O2/24:0,21,STD 5,310658.7126913028,7076682.087373082
Cer 18:1;O2/24:0,21,STD 6,182497.19521529018,6800339.23107061
Cer 18:1;O2/24:0,22,STD 1,93107028.50184883,6283594.65808679
Cer 18:1;O2/24:0,22,STD 2,40895877.0352144,5589085.265580687
Cer 18:1;O2/24:0,22,STD 3,3494802.9293580614,5241120.380864595
Cer 18:1;O2/24:0,22,STD 4,735686.4712275937,5225566.108045198
Cer 18:1;O2/24:0,22,STD 5,349292.43830611836,5089124.288900522
Cer 18:1;O2/24:0,22,STD 6,287463.23169798014,5160854.702915943
Cer 18:1;O2/24:0,23,STD 1,612417.2691696096,37515.12624041857
Cer 18:1;O2/24:0,23,STD 2,229182.652350872,28472.02010417895
Cer 18:1;O2/24:0,23,STD 3,20906.593718033248,25786.713836811083
Cer 18:1;O2/24:0,23,STD 4,2172.35954242882,24627.077193113466
Cer 18:1;O2/24:0,23,STD 5,1168.8219928566084,25683.7182594509
Cer 18:1;O2/24:0,23,STD 6,911.0748494748193,26254.26522163545
Cer 18:1;O2/24:0,24,STD 1,1319933.0666666667,314385.6333333333
Cer 18:1;O2/24:0,24,STD 2,676265.1833333333,331195.68333333335
Cer 18:1;O2/24:0,24,STD 3,77132.71666666667,334178.8
Cer 18:1;O2/24:0,24,STD 4,16081.85,337116.0333333333
Cer 18:1;O2/24:0,24,STD 5,8067.866666666667,344792.9
Cer 18:1;O2/24:0,24,STD 6,6568.383333333333,337679.1166666667
Cer 18:1;O2/24:0,25,STD 1,355415.6406666667,26156.833333333332
Cer 18:1;O2/24:0,25,STD 2,230048.11216666666,34966.666666666664
Cer 18:1;O2/24:0,25,STD 3,16967.72,25387
Cer 18:1;O2/24:0,25,STD 4,3504.3693333333335,24924.333333333332
Cer 18:1;O2/24:0,25,STD 5,1771.9001666666668,24553.666666666668
Cer 18:1;O2/24:0,25,STD 6,1559.9913333333334,24132.166666666668
Cer 18:1;O2/24:0,26a,STD 1,1739961.62137097,366334.186978022
Cer 18:1;O2/24:0,26a,STD 2,1027307.33129167,392202.805230335
Cer 18:1;O2/24:0,26a,STD 3,392308.456865967,408206.956933984
Cer 18:1;O2/24:0,26a,STD 4,208151.52207064,404276.044328948
Cer 18:1;O2/24:0,26a,STD 5,46265.4663904229,463293.09426862
Cer 18:1;O2/24:0,26a,STD 6,13002.4982626766,427795.989039554
Cer 18:1;O2/24:0,26b,STD 1,4242879,859050
Cer 18:1;O2/24:0,26b,STD 2,1876428,720105
Cer 18:1;O2/24:0,26b,STD 3,788836,797410
Cer 18:1;O2/24:0,26b,STD 4,372035,684586
Cer 18:1;O2/24:0,26b,STD 5,83978,784287
Cer 18:1;O2/24:0,26b,STD 6,27975,808184
Cer 18:1;O2/24:0,27,STD 1,73157672.33373016,7025910.179712347
Cer 18:1;O2/24:0,27,STD 2,42411747.09295585,5940057.7950840285
Cer 18:1;O2/24:0,27,STD 3,3714554.2967492198,4145340.39226967
Cer 18:1;O2/24:0,27,STD 4,926628.8709691082,3970687.1817448717
Cer 18:1;O2/24:0,27,STD 5,508801.18325362715,4057921.4013685267
Cer 18:1;O2/24:0,27,STD 6,406436.0435389597,4089902.317903945
Cer 18:1;O2/24:0,28,STD 1,333931833.3333333,43913066.666666664
Cer 18:1;O2/24:0,28,STD 2,223274000,40482900
Cer 18:1;O2/24:0,28,STD 3,23908850,31498133.333333332
Cer 18:1;O2/24:0,28,STD 4,5250963.333333333,30972550
Cer 18:1;O2/24:0,28,STD 5,2945915,30729683.333333332
Cer 18:1;O2/24:0,28,STD 6,2522503.3333333335,30716050
Cer 18:1;O2/24:0,29a,STD 1,54483333.333333336,3925000
Cer 18:1;O2/24:0,29a,STD 2,24116666.666666668,3361666.6666666665
Cer 18:1;O2/24:0,29a,STD 3,1883333.3333333333,2565000
Cer 18:1;O2/24:0,29a,STD 4,386166.6666666667,2563333.3333333335
Cer 18:1;O2/24:0,29a,STD 5,201666.66666666666,2516666.6666666665
Cer 18:1;O2/24:0,29a,STD 6,166833.33333333334,2558333.3333333335
Cer 18:1;O2/24:0,29b,STD 1,53610.1225,4160.121833333334
Cer 18:1;O2/24:0,29b,STD 2,34540.98883333334,4255.585166666667
Cer 18:1;O2/24:0,29b,STD 3,3145.7496666666666,4055.750666666667
Cer 18:1;O2/24:0,29b,STD 4,544.265,4037.9616666666666
Cer 18:1;O2/24:0,29b,STD 5,269.0815,4062.0116666666668
Cer 18:1;O2/24:0,29b,STD 6,204.26266666666666,3949.9973333333332
Cer 18:1;O2/24:0,30,STD 1,47714946.833333336,3457080
Cer 18:1;O2/24:0,30,STD 2,21045331,3202258.1666666665
Cer 18:1;O2/24:0,30,STD 3,2083472,3227529.5
Cer 18:1;O2/24:0,30,STD 4,405177.1666666667,3273609.6666666665
Cer 18:1;O2/24:0,30,STD 5,199635,3170424.1666666665
Cer 18:1;O2/24:0,30,STD 6,156063.5,3245777.3333333335
Cer 18:1;O2/24:0,31,STD 1,4130070,275173.1666666667
Cer 18:1;O2/24:0,31,STD 2,3033251.1666666665,301107.1666666667
Cer 18:1;O2/24:0,31,STD 3,411748.3333333333,343270.1666666667
Cer 18:1;O2/24:0,31,STD 4,107153.33333333333,341955
Cer 18:1;O2/24:0,31,STD 5,52290.666666666664,362388.3333333333
Cer 18:1;O2/24:0,31,STD 6,44525.666666666664,339065.6666666667
Cer 18:1;O2/24:0,32,STD 1,15379.333333333334,916.6666666666666
Cer 18:1;O2/24:0,32,STD 2,8592.5,1025.1666666666667
Cer 18:1;O2/24:0,32,STD 3,808.5,1131.3333333333333
Cer 18:1;O2/24:0,32,STD 4,182.16666666666666,1214.5
Cer 18:1;O2/24:0,32,STD 5,98.66666666666667,1273.5
Cer 18:1;O2/24:0,32,STD 6,105.66666666666667,1717.1666666666667
Cer 18:1;O2/24:0,33,STD 1,699250.8192097547,45384.47351864462
Cer 18:1;O2/24:0,33,STD 2,335982.0914860278,47124.48580056485
Cer 18:1;O2/24:0,33,STD 3,32490.054369150716,48555.46692346443
Cer 18:1;O2/24:0,33,STD 4,6800.928488856698,47785.82714551069
Cer 18:1;O2/24:0,33,STD 5,3747.410582233452,51525.139498668534
Cer 18:1;O2/24:0,33,STD 6,2347.9926941604936,43137.206361367935
Cer 18:1;O2/24:0,34,STD 1,31392932.2655732,2044052.8032647949
Cer 18:1;O2/24:0,34,STD 2,17077904.622301653,2189581.13185372
Cer 18:1;O2/24:0,34,STD 3,2027842.166417735,2206421.30634679
Cer 18:1;O2/24:0,34,STD 4,437630.561965189,2217800.5561594246
Cer 18:1;O2/24:0,34,STD 5,266197.370639032,2253881.923956765
Cer 18:1;O2/24:0,34,STD 6,207015.4751300095,2167954.2685508397
Cer 18:1;O2/24:0,35,STD 1,6793866.023148606,588185.4927545157
Cer 18:1;O2/24:0,35,STD 2,4273029.092417899,645734.1235180626
Cer 18:1;O2/24:0,35,STD 3,533691.8998399015,649973.2215763548
Cer 18:1;O2/24:0,35,STD 4,50978.59400246307,373800.47561439534
Cer 18:1;O2/24:0,35,STD 5,104900.24121100154,656677.5306937605
Cer 18:1;O2/24:0,35,STD 6,60628.35528735635,655129.2376724138
Cer 18:1;O2/24:0,36,STD 1,68316666.66666667,4968333.333333333
Cer 18:1;O2/24:0,36,STD 2,31150000,4435000
Cer 18:1;O2/24:0,36,STD 3,2870000,4058333.3333333335
Cer 18:1;O2/24:0,36,STD 4,588833.3333333334,3981666.6666666665
Cer 18:1;O2/24:0,36,STD 5,257750,3470000
Cer 18:1;O2/24:0,36,STD 6,240166.66666666666,3933333.3333333335
Cer 18:1;O2/24:0,37,STD 1,260117534.067293,25248758.800670333
Cer 18:1;O2/24:0,37,STD 2,146370240.36409768,27791817.371391617
Cer 18:1;O2/24:0,37,STD 3,19369371.16863075,36700572.6589351
Cer 18:1;O2/24:0,37,STD 4,2928025.8638037024,26777364.09508131
Cer 18:1;O2/24:0,37,STD 5,1254752.5184500932,28896064.716072567
Cer 18:1;O2/24:0,37,STD 6,872843.954558511,19923058.0954173
Cer 18:1;O2/24:0,38,STD 1,10595438.916666666,1036921.7501666667
Cer 18:1;O2/24:0,38,STD 2,13431151,2148757.239666667
Cer 18:1;O2/24:0,38,STD 3,755199.0053333333,1131379.2396666666
Cer 18:1;O2/24:0,38,STD 4,94731.4935,869726.0835
Cer 18:1;O2/24:0,38,STD 5,52286.2735,854706.219
Cer 18:1;O2/24:0,38,STD 6,124715.10566666667,2256769.0833333335
Cer 18:1;O2/24:1,02b,STD 1,138166666.66666666,4185000
Cer 18:1;O2/24:1,02b,STD 2,79450000,4488333.333333333
Cer 18:1;O2/24:1,02b,STD 3,9355000,4830000
Cer 18:1;O2/24:1,02b,STD 4,1873333.3333333333,4785000
Cer 18:1;O2/24:1,02b,STD 5,937333.3333333334,4640000
Cer 18:1;O2/24:1,02b,STD 6,762166.6666666666,4881666.666666667
Cer 18:1;O2/24:1,03,STD 1,2158500000,52933333.333333336
Cer 18:1;O2/24:1,03,STD 2,1107000000,55143333.333333336
Cer 18:1;O2/24:1,03,STD 3,94986666.66666667,50530000
Cer 18:1;O2/24:1,03,STD 4,20790000,52456666.666666664
Cer 18:1;O2/24:1,03,STD 5,9501500,49586666.666666664
Cer 18:1;O2/24:1,03,STD 6,7852166.666666667,56215000
Cer 18:1;O2/24:1,04,STD 1,16506666.666666666,377350
Cer 18:1;O2/24:1,04,STD 2,7909833.333333333,374200
Cer 18:1;O2/24:1,04,STD 3,727933.3333333334,370250
Cer 18:1;O2/24:1,04,STD 4,137166.66666666666,347800
Cer 18:1;O2/24:1,04,STD 5,66495,358666.6666666667
Cer 18:1;O2/24:1,04,STD 6,56303.333333333336,354166.6666666667
Cer 18:1;O2/24:1,05,STD 1,28052731,2640099
Cer 18:1;O2/24:1,05,STD 2,14366346.833333334,2793285.1666666665
Cer 18:1;O2/24:1,05,STD 3,1661699.8333333333,2960138.5
Cer 18:1;O2/24:1,05,STD 4,351997.6666666667,2949353
Cer 18:1;O2/24:1,05,STD 5,177343.16666666666,2981104.5
Cer 18:1;O2/24:1,05,STD 6,145677.83333333334,3176163.1666666665
Cer 18:1;O2/24:1,07,STD 1,342258468.89089465,8825084.894062268
Cer 18:1;O2/24:1,07,STD 2,180879692.51714835,9341629.81008774
Cer 18:1;O2/24:1,07,STD 3,16422576.341744322,7345082.041043748
Cer 18:1;O2/24:1,07,STD 4,4588946.580284801,9772299.001652073
Cer 18:1;O2/24:1,07,STD 5,3122376.0800568266,11558725.268674854
Cer 18:1;O2/24:1,07,STD 6,2475759.159519365,10635544.122881874
Cer 18:1;O2/24:1,09,STD 1,588357.725,18564.054166666665
Cer 18:1;O2/24:1,09,STD 2,276824.1375,17570.0125
Cer 18:1;O2/24:1,09,STD 3,29205.908333333333,17805.566666666666
Cer 18:1;O2/24:1,09,STD 4,5387.595833333333,15085.949999999999
Cer 18:1;O2/24:1,09,STD 5,2699.9875,14597.366666666667
Cer 18:1;O2/24:1,09,STD 6,2198.375,13823.4875
Cer 18:1;O2/24:1,10a,STD 1,569221.1666666666,19164.333333333332
Cer 18:1;O2/24:1,10a,STD 2,214630.66666666666,15220
Cer 18:1;O2/24:1,10a,STD 3,19565,11560.5
Cer 18:1;O2/24:1,10a,STD 4,3693.5,11798.833333333334
Cer 18:1;O2/24:1,10a,STD 5,3617.8333333333335,11476.666666666666
Cer 18:1;O2/24:1,10a,STD 6,2156.1666666666665,11702.333333333334
Cer 18:1;O2/24:1,10b,STD 1,21695326.833333332,461797.3333333333
Cer 18:1;O2/24:1,10b,STD 2,10787677.833333334,431413.3333333333
Cer 18:1;O2/24:1,10b,STD 3,1136867.8333333333,426493.3333333333
Cer 18:1;O2/24:1,10b,STD 4,218160.83333333334,419091.6666666667
Cer 18:1;O2/24:1,10b,STD 5,219012.33333333334,431657.1666666667
Cer 18:1;O2/24:1,10b,STD 6,128255.16666666667,442980.6666666667
Cer 18:1;O2/24:1,12,STD 1,49656320.69158273,1628912.7649710118
Cer 18:1;O2/24:1,12,STD 2,23832914.690427482,1603635.372500594
Cer 18:1;O2/24:1,12,STD 3,2213333.135177675,1538455.8311956553
Cer 18:1;O2/24:1,12,STD 4,409340.9177565053,1404835.2432394833
Cer 18:1;O2/24:1,12,STD 5,191541.7951666665,1325264.4142093663
Cer 18:1;O2/24:1,12,STD 6,140574.1452499998,1249342.0803034084
Cer 18:1;O2/24:1,13,STD 1,257263246.890345,37641149.58449822
Cer 18:1;O2/24:1,13,STD 2,204788445.10472217,46389096.47692329
Cer 18:1;O2/24:1,13,STD 3,44322860.719569,43252120.0652495
Cer 18:1;O2/24:1,13,STD 4,9668999.365027847,39186665.96707027
Cer 18:1;O2/24:1,13,STD 5,4755591.356515202,36996955.01141827
Cer 18:1;O2/24:1,13,STD 6,2977290.62933147,31488910.395300217
Cer 18:1;O2/24:1,14,STD 1,18834069.459981468,602073.7166666667
Cer 18:1;O2/24:1,14,STD 2,10908669.31875,522979.7166666667
Cer 18:1;O2/24:1,14,STD 3,1145445.8165555466,512995.88333333336
Cer 18:1;O2/24:1,14,STD 4,226057.14500000016,512434.01666666666
Cer 18:1;O2/24:1,14,STD 5,113839.23,498203.575
Cer 18:1;O2/24:1,14,STD 6,98595.54833333338,528352.5
Cer 18:1;O2/24:1,15,STD 1,193305375.75766835,7795298.864755448
Cer 18:1;O2/24:1,15,STD 2,115131938.5761645,8346475.687269214
Cer 18:1;O2/24:1,15,STD 3,14849139.21408625,9496312.6625828
Cer 18:1;O2/24:1,15,STD 4,3116592.178124205,10229417.258111676
Cer 18:1;O2/24:1,15,STD 5,1388088.3005150782,8764653.167798135
Cer 18:1;O2/24:1,15,STD 6,1103738.8307345966,8752008.004620312
Cer 18:1;O2/24:1,16,STD 1,27179615.166666668,845134.8333333334
Cer 18:1;O2/24:1,16,STD 2,9885392.5,905785.3333333334
Cer 18:1;O2/24:1,16,STD 3,823549.5,862235.5
Cer 18:1;O2/24:1,16,STD 4,187442.66666666666,875464.5
Cer 18:1;O2/24:1,16,STD 5,96129.83333333333,873321.5
Cer 18:1;O2/24:1,16,STD 6,40907.666666666664,858780.1666666666
Cer 18:1;O2/24:1,17a,STD 1,3969136.5,63129
Cer 18:1;O2/24:1,17a,STD 2,1604121.5,55340.333333333336
Cer 18:1;O2/24:1,17a,STD 3,107261.83333333333,46996
Cer 18:1;O2/24:1,17a,STD 4,16636.666666666668,46140.333333333336
Cer 18:1;O2/24:1,17a,STD 5,7694.166666666667,40113.5
Cer 18:1;O2/24:1,17a,STD 6,6431.166666666667,41384.333333333336
Cer 18:1;O2/24:1,18a,STD 1,6623909.727913447,142475.6635195705
Cer 18:1;O2/24:1,18a,STD 2,4003855.492146597,170420.94223878335
Cer 18:1;O2/24:1,18a,STD 3,425658.48264935066,192428.89797383052
Cer 18:1;O2/24:1,18a,STD 4,90533.33797840643,193118.3918112605
Cer 18:1;O2/24:1,18a,STD 5,41090.511356860465,188457.89469854167
Cer 18:1;O2/24:1,18a,STD 6,38251.554418233885,198378.11231580185
Cer 18:1;O2/24:1,18b,STD 1,123800416,3551570.5416666665
Cer 18:1;O2/24:1,18b,STD 2,83407666.66666667,4222543.708333333
Cer 18:1;O2/24:1,18b,STD 3,14970413.666666666,6825198.833333333
Cer 18:1;O2/24:1,18b,STD 4,3847298.875,7440076.666666667
Cer 18:1;O2/24:1,18b,STD 5,1695712.7291666667,6818258.5
Cer 18:1;O2/24:1,18b,STD 6,1626370.8541666667,7175122.583333333
Cer 18:1;O2/24:1,19,STD 1,557658.0119219162,14872.105563479417
Cer 18:1;O2/24:1,19,STD 2,275599.93130626314,14865.215997416817
Cer 18:1;O2/24:1,19,STD 3,28797.3006078853,16065.8721333087
Cer 18:1;O2/24:1,19,STD 4,5251.921670501383,15782.20595872975
Cer 18:1;O2/24:1,19,STD 5,2956.8470472307167,16979.017158254617
Cer 18:1;O2/24:1,19,STD 6,2274.76520460542,16598.016380655285
Cer 18:1;O2/24:1,20a,STD 1,2398459.0534429415,52233.241197778
Cer 18:1;O2/24:1,20a,STD 2,1115624.3225580317,47708.48172210428
Cer 18:1;O2/24:1,20a,STD 3,111144.88849347644,52171.659815380204
Cer 18:1;O2/24:1,20a,STD 4,19669.924406453083,53750.891371645164
Cer 18:1;O2/24:1,20a,STD 5,9720.948438845777,52480.87436995965
Cer 18:1;O2/24:1,20a,STD 6,7353.5595694025,53133.35518712305
Cer 18:1;O2/24:1,20b,STD 1,4117885.5293875365,96541.40295119656
Cer 18:1;O2/24:1,20b,STD 2,2002402.7780299666,97032.34078592596
Cer 18:1;O2/24:1,20b,STD 3,214652.06855046566,106611.8862044165
Cer 18:1;O2/24:1,20b,STD 4,30931.65550309977,87079.00027450077
Cer 18:1;O2/24:1,20b,STD 5,20079.597052103767,91413.6659600214
Cer 18:1;O2/24:1,20b,STD 6,12799.967775983336,79734.2415536537
Cer 18:1;O2/24:1,21,STD 1,75044393.0250469,3700260.49667678
Cer 18:1;O2/24:1,21,STD 2,33261195.931466848,3473272.60539093
Cer 18:1;O2/24:1,21,STD 3,3142623.8026208533,2873219.38546651
Cer 18:1;O2/24:1,21,STD 4,621243.745975671,2732467.7813163516
Cer 18:1;O2/24:1,21,STD 5,297336.1927582793,2751428.517052822
Cer 18:1;O2/24:1,21,STD 6,158923.02692009366,2661635.214988852
Cer 18:1;O2/24:1,22,STD 1,79581703.43874137,1943689.1730750366
Cer 18:1;O2/24:1,22,STD 2,36996188.96101197,1804270.9354445066
Cer 18:1;O2/24:1,22,STD 3,3347851.8128932966,1790060.1934729451
Cer 18:1;O2/24:1,22,STD 4,708704.878291206,1793291.515489415
Cer 18:1;O2/24:1,22,STD 5,341979.31685615383,1744869.3754288617
Cer 18:1;O2/24:1,22,STD 6,272201.07271573215,1772524.83752697
Cer 18:1;O2/24:1,23,STD 1,488083.22028049215,10234.578120417693
Cer 18:1;O2/24:1,23,STD 2,214785.62270837583,9431.98460142802
Cer 18:1;O2/24:1,23,STD 3,20983.410923614134,8970.473189147162
Cer 18:1;O2/24:1,23,STD 4,2068.5422711853116,8893.310389519545
Cer 18:1;O2/24:1,23,STD 5,1062.7950654377903,8895.666140809622
Cer 18:1;O2/24:1,23,STD 6,891.8373995728759,9203.685398038298
Cer 18:1;O2/24:1,24,STD 1,1168718.6166666667,103246.56666666667
Cer 18:1;O2/24:1,24,STD 2,593746.1666666666,108623.26666666666
Cer 18:1;O2/24:1,24,STD 3,70056.75,117476.23333333334
Cer 18:1;O2/24:1,24,STD 4,14576.983333333334,115375.9
Cer 18:1;O2/24:1,24,STD 5,7225.4,113453.78333333333
Cer 18:1;O2/24:1,24,STD 6,5724.533333333333,118235.58333333334
Cer 18:1;O2/24:1,25,STD 1,303842.46400000004,8024.666666666667
Cer 18:1;O2/24:1,25,STD 2,174543.70833333334,9643.266666666666
Cer 18:1;O2/24:1,25,STD 3,12363.007333333333,6555.316666666667
Cer 18:1;O2/24:1,25,STD 4,2642.076666666667,6739.516666666666
Cer 18:1;O2/24:1,25,STD 5,1352.202,6877.466666666666
Cer 18:1;O2/24:1,25,STD 6,1033.656,5677.363166666667
Cer 18:1;O2/24:1,26a,STD 1,1414700,103360.22870958
Cer 18:1;O2/24:1,26a,STD 2,766600,104813.934349238
Cer 18:1;O2/24:1,26a,STD 3,290240,104669.663747
Cer 18:1;O2/24:1,26a,STD 4,151410,106790.892689477
Cer 18:1;O2/24:1,26a,STD 5,37007,122013.583441
Cer 18:1;O2/24:1,26a,STD 6,8404,116300.209123226
Cer 18:1;O2/24:1,26b,STD 1,3799404,272987
Cer 18:1;O2/24:1,26b,STD 2,1678793,229870
Cer 18:1;O2/24:1,26b,STD 3,681011,248025
Cer 18:1;O2/24:1,26b,STD 4,295118,204452
Cer 18:1;O2/24:1,26b,STD 5,66432,225526
Cer 18:1;O2/24:1,26b,STD 6,17573,231832
Cer 18:1;O2/24:1,27,STD 1,61868517.39773927,1941243.9367284016
Cer 18:1;O2/24:1,27,STD 2,34165339.12336028,1674769.41691302
Cer 18:1;O2/24:1,27,STD 3,3258288.966628175,1330082.9009429317
Cer 18:1;O2/24:1,27,STD 4,803131.5227619305,1286178.180586735
Cer 18:1;O2/24:1,27,STD 5,451550.42494804034,1328621.8521911183
Cer 18:1;O2/24:1,27,STD 6,363283.0475248528,1375657.614467205
Cer 18:1;O2/24:1,28,STD 1,322266666.6666667,13440350
Cer 18:1;O2/24:1,28,STD 2,201356166.66666666,12615816.666666666
Cer 18:1;O2/24:1,28,STD 3,21485133.333333332,10539583.333333334
Cer 18:1;O2/24:1,28,STD 4,4551756.666666667,10529766.666666666
Cer 18:1;O2/24:1,28,STD 5,2457620,10449400
Cer 18:1;O2/24:1,28,STD 6,2014455,10434171.666666666
Cer 18:1;O2/24:1,29a,STD 1,42366666.666666664,1060833.3333333333
Cer 18:1;O2/24:1,29a,STD 2,18316666.666666668,897000
Cer 18:1;O2/24:1,29a,STD 3,1480000,707166.6666666666
Cer 18:1;O2/24:1,29a,STD 4,293000,692166.6666666666
Cer 18:1;O2/24:1,29a,STD 5,148166.66666666666,700166.6666666666
Cer 18:1;O2/24:1,29a,STD 6,119166.66666666667,697500
Cer 18:1;O2/24:1,29b,STD 1,45239.8235,1210.1581666666666
Cer 18:1;O2/24:1,29b,STD 2,29470.377833333332,1237.0271666666667
Cer 18:1;O2/24:1,29b,STD 3,2621.8296666666665,1175.747
Cer 18:1;O2/24:1,29b,STD 4,439.15766666666667,1140.0156666666667
Cer 18:1;O2/24:1,29b,STD 5,209.5655,1100.0976666666666
Cer 18:1;O2/24:1,29b,STD 6,167.0115,1143.6838333333335
Cer 18:1;O2/24:1,30,STD 1,43455960.5,1000267.8333333334
Cer 18:1;O2/24:1,30,STD 2,20523690,984144.6666666666
Cer 18:1;O2/24:1,30,STD 3,1966746.8333333333,983471.3333333334
Cer 18:1;O2/24:1,30,STD 4,385937.5,969595.1666666666
Cer 18:1;O2/24:1,30,STD 5,182489.5,960395
Cer 18:1;O2/24:1,30,STD 6,144635.33333333334,973575.6666666666
Cer 18:1;O2/24:1,31,STD 1,3593619.5,100228.16666666667
Cer 18:1;O2/24:1,31,STD 2,2477727.5,109311
Cer 18:1;O2/24:1,31,STD 3,312351.8333333333,122667.33333333333
Cer 18:1;O2/24:1,31,STD 4,84590.16666666667,128866.33333333333
Cer 18:1;O2/24:1,31,STD 5,39604.166666666664,145351.83333333334
Cer 18:1;O2/24:1,31,STD 6,33329.166666666664,144910.83333333334
Cer 18:1;O2/24:1,32,STD 1,15153,321.3333333333333
Cer 18:1;O2/24:1,32,STD 2,7385.833333333333,320.3333333333333
Cer 18:1;O2/24:1,32,STD 3,679.5,323.6666666666667
Cer 18:1;O2/24:1,32,STD 4,140.16666666666666,358.1666666666667
Cer 18:1;O2/24:1,32,STD 5,74.16666666666667,358.3333333333333
Cer 18:1;O2/24:1,32,STD 6,91.16666666666667,526.6666666666666
Cer 18:1;O2/24:1,33,STD 1,611889.5871930206,14041.488283022816
Cer 18:1;O2/24:1,33,STD 2,309140.41558649583,15057.65811031565
Cer 18:1;O2/24:1,33,STD 3,30237.695887615333,15884.740097461317
Cer 18:1;O2/24:1,33,STD 4,6016.93647488721,15414.6059119564
Cer 18:1;O2/24:1,33,STD 5,3029.2647656048134,16105.153271423118
Cer 18:1;O2/24:1,33,STD 6,1944.9904578787084,14421.840231958016
Cer 18:1;O2/24:1,34,STD 1,28870234.6760097,700437.094947767
Cer 18:1;O2/24:1,34,STD 2,15335560.45734125,725159.1141622985
Cer 18:1;O2/24:1,34,STD 3,1712276.5788328098,735016.6791872085
Cer 18:1;O2/24:1,34,STD 4,337712.616010503,735607.0111190245
Cer 18:1;O2/24:1,34,STD 5,188823.3861106215,741633.6964976655
Cer 18:1;O2/24:1,34,STD 6,134120.1345699275,722717.6686566169
Cer 18:1;O2/24:1,35,STD 1,6661439.2644047635,209261.36898809517
Cer 18:1;O2/24:1,35,STD 2,4370911.46452381,239230.33065476184
Cer 18:1;O2/24:1,35,STD 3,536989.0100595239,232199.12208333332
Cer 18:1;O2/24:1,35,STD 4,51868.296726190485,142290.31232142868
Cer 18:1;O2/24:1,35,STD 5,108456.48892857153,242915.639434524
Cer 18:1;O2/24:1,35,STD 6,64490.92476190477,253220.49875
Cer 18:1;O2/24:1,36,STD 1,56816666.666666664,1456666.6666666667
Cer 18:1;O2/24:1,36,STD 2,26083333.333333332,1290000
Cer 18:1;O2/24:1,36,STD 3,2588333.3333333335,1273333.3333333333
Cer 18:1;O2/24:1,36,STD 4,502166.6666666667,1276666.6666666667
Cer 18:1;O2/24:1,36,STD 5,213983.33333333334,722500
Cer 18:1;O2/24:1,36,STD 6,575500,1265000
Cer 18:1;O2/24:1,37,STD 1,225151332.25939,8113888.790316618
Cer 18:1;O2/24:1,37,STD 2,128183886.98333997,9325175.424857074
Cer 18:1;O2/24:1,37,STD 3,17048754.1396207,12999287.934116736
Cer 18:1;O2/24:1,37,STD 4,2246897.4633995877,8237570.559329311
Cer 18:1;O2/24:1,37,STD 5,1182172.0153240042,9470776.38501142
Cer 18:1;O2/24:1,37,STD 6,675215.0299248854,6199984.070673121
Cer 18:1;O2/24:1,38,STD 1,8789807.083333334,316263.2291666667
Cer 18:1;O2/24:1,38,STD 2,11010246.166666666,659252.3075
Cer 18:1;O2/24:1,38,STD 3,614707.2916666666,347769.995
Cer 18:1;O2/24:1,38,STD 4,80659.162,266512.65116666665
Cer 18:1;O2/24:1,38,STD 5,44709.48966666667,264004.8466666667
Cer 18:1;O2/24:1,38,STD 6,105560.89633333334,702646.4481666667
